"Denominazione";"Codice Fiscale";"Codice ABI";"Codice BIC";"Cod. Seller Bank";"Attivo";"Attivo dal portale dell'Ente (Mod. 1 e/o 2)";"Attivo presso i canali del PSP (Mod. 3)";"Sportello fisico";"Online";"Mobile banking (App)";"Phone banking";"ATM"
"Poste Italiane S.P.A.";"97103880585";"07601";"BPPIITRRXXX";"CT000159";"1";"1";"1";"Sì per tutti";"Sì per tutti";"No";"No";"No"
"B.C.C. DEL GARDA - BANCA DI CREDITO COOPERATIVO COLLI MORENICI DEL GARDA - SOCIETA' COOPERATIVA";"00285660171";"08676";"ICRAITRRIS0";"";"1";"0";"1";"non comunicato";"non comunicato";"non comunicato";"non comunicato";"non comunicato"
"BANCA ADRIA COLLI EUGANEI - CREDITO COOPERATIVO SOCIETA' COOPERATIVA";"01369230295";"08982";"CCRTIT2T97A";"";"1";"1";"1";"Sì per propri correntisti";"Sì per propri correntisti";"No";"No";"No"
"BANCA ALPI MARITTIME CREDITO COOPERATIVO CARRU' - SOCIETA' COOPERATIVA PER AZIONI";"00195530043";"08450";"ICRAITRRCI0";"";"1";"1";"1";"non comunicato";"non comunicato";"non comunicato";"non comunicato";"non comunicato"
"BANCA ALTA TOSCANA CREDITO COOPERATIVO - SOCIETA' COOPERATIVA";"00138580477";"08922";"ICRAITRRPM0";"";"1";"0";"1";"non comunicato";"non comunicato";"non comunicato";"non comunicato";"non comunicato"
"BANCA ALTO VICENTINO - CREDITO COOPERATIVO DI SCHIO, PEDEMONTE E ROANA - SOCIETA' COOPERATIVA";"00210200242";"08669";"CCRTIT2TF01";"";"1";"0";"1";"Sì per propri correntisti";"Sì per propri correntisti";"No";"No";"No"
"BANCA CENTRO EMILIA - CREDITO COOPERATIVO SOCIETA' COOPERATIVA";"01402600389";"08509";"CCRTIT2TBCE";"";"1";"1";"1";"Sì per propri correntisti";"Sì per propri correntisti";"No";"No";"No"
"BANCA CENTRO LAZIO CREDITO COOPERATIVO - SOCIETA' COOPERATIVA";"00697880581";"08716";"ICRAITRRJW0";"";"1";"0";"1";"Sì per propri correntisti";"Sì per propri correntisti";"No";"No";"No"
"BANCA CENTROPADANA CREDITO COOPERATIVO - SOCIETA' COOPERATIVA";"12514870158";"08324";"ICRAITRR900";"";"1";"1";"1";"non comunicato";"non comunicato";"non comunicato";"non comunicato";"non comunicato"
"BANCA CRAS CREDITO COOPERATIVO TOSCANO - SIENA - SOCIETA' COOPERATIVA";"00049280522";"08885";"ICRAITRROL0";"";"1";"1";"1";"No";"Sì per propri correntisti";"Sì per propri correntisti";"No";"No"
"BANCA CREMASCA E MANTOVANA - CREDITO COOPERATIVO - SOCIETA' COOPERATIVA";"01230590190";"07076";"ICRAITRRTW0";"";"1";"0";"1";"non comunicato";"non comunicato";"non comunicato";"non comunicato";"non comunicato"
"BANCA DEI SIBILLINI-CREDITO COOPERATIVO DI CASAVECCHIA - (COMUNE DI PIEVE TORINA - PROVINCIA DI MACERATA) - SOC. COOP.";"00118970433";"08456";"ICRAITRRCO0";"";"1";"0";"1";"non comunicato";"non comunicato";"non comunicato";"non comunicato";"non comunicato"
"BANCA DEL CATANZARESE - CREDITO COOPERATIVO - SOCIETA' COOPERATIVA";"03402920791";"07091";"ICRAITRRUB0";"";"1";"0";"1";"non comunicato";"non comunicato";"non comunicato";"non comunicato";"non comunicato"
"BANCA DEL CILENTO DI SASSANO E VALLO DI DIANO E DELLA LUCANIA - CREDITO COOPERATIVO - SOCIETA' COOPERATIVA";"02596790655";"08154";"ICRAITRR4A0";"";"1";"0";"1";"non comunicato";"non comunicato";"non comunicato";"non comunicato";"non comunicato"
"BANCA DEL GRAN SASSO D'ITALIA, BANCA DI CREDITO COOPERATIVO SOCIETÀ COOPERATIVA PER AZIONI";"90016030679";"07116";"xxxxxxxxx";"";"1";"0";"1";"non comunicato";"non comunicato";"non comunicato";"non comunicato";"non comunicato"
"BANCA DEL PICENO CREDITO COOPERATIVO - SOCIETA' COOPERATIVA";"00143690444";"08474";"ICRAITRR980";"";"1";"0";"1";"non comunicato";"non comunicato";"non comunicato";"non comunicato";"non comunicato"
"BANCA DEL TERRITORIO LOMBARDO CREDITO COOPERATIVO - SOCIETA' COOPERATIVA";"00436650170";"08735";"CCRTIT2TBTL";"";"1";"1";"1";"Sì per propri correntisti";"Sì per propri correntisti";"No";"No";"No"
"BANCA DEL VALDARNO - CREDITO COOPERATIVO - SOCIETA' COOPERATIVA";"00135410512";"08811";"ICRAITRRMJ0";"";"1";"0";"1";"non comunicato";"non comunicato";"non comunicato";"non comunicato";"non comunicato"
"BANCA DELL'ALTA MURGIA CREDITO COOPERATIVO - SOCIETA' COOPERATIVA";"05175940724";"07056";"ICRAITRRTC0";"";"1";"0";"1";"Sì per tutti";"Sì per propri correntisti";"No";"No";"No"
"BANCA DELL'ELBA CREDITO COOPERATIVO - SOCIETA' COOPERATIVA";"01221550492";"07048";"ICRAITRRT40";"";"1";"0";"1";"non comunicato";"non comunicato";"non comunicato";"non comunicato";"non comunicato"
"BANCA DELLA MARCA CREDITO COOPERATIVO - SOCIETA' COOPERATIVA";"03669140265";"07084";"ICRAITRRU40";"";"1";"1";"1";"non comunicato";"non comunicato";"non comunicato";"non comunicato";"non comunicato"
"BANCA DELLA VALSASSINA CREDITO COOPERATIVO - SOCIETA' COOPERATIVA";"00337470132";"08515";"ICRAITRREB0";"";"1";"0";"1";"non comunicato";"non comunicato";"non comunicato";"non comunicato";"non comunicato"
"BANCA DI ANCONA E FALCONARA MARITTIMA CREDITO COOPERATIVO - SOCIETA' COOPERATIVA";"00982770422";"08086";"ICRAITRR2E0";"";"1";"0";"1";"non comunicato";"non comunicato";"non comunicato";"non comunicato";"non comunicato"
"BANCA DI ANDRIA DI CREDITO COOPERATIVO - SOCIETA' COOPERATIVA PER AZIONI A RESPONSABILITA' LIMITATA";"06059120722";"07101";"ICRAITRRUL0";"";"1";"0";"1";"No";"Sì per propri correntisti";"No";"No";"No"
"BANCA DI ANGHIARI E STIA - CREDITO COOPERATIVO - SOCIETA' COOPERATIVA";"01622460515";"08345";"ICRAITRR9L0";"";"1";"0";"1";"non comunicato";"non comunicato";"non comunicato";"non comunicato";"non comunicato"
"BANCA DI BOLOGNA CREDITO COOPERATIVO SOCIETA' COOPERATIVA";"00415760370";"08883";"BDBOIT22XXX";"";"1";"1";"1";"Sì per propri correntisti";"Sì per propri correntisti";"No";"No";"No"
"BANCA DI CARAGLIO, DEL CUNEESE E DELLA RIVIERA DEI FIORI - CREDITO COOPERATIVO - SOCIETA' COOPERATIVA";"00245130042";"08439";"CCRTIT2TCAR";"";"1";"1";"1";"Sì per tutti";"Sì per propri correntisti";"No";"No";"No"
"BANCA DI CREDITO COOPERATIVO 'G. TONIOLO' DI SAN CATALDO (CALTANISSETTA) SOCIETA' COOPERATIVA";"00055510853";"08952";"ICRAITRRQG0";"";"1";"1";"1";"non comunicato";"non comunicato";"non comunicato";"non comunicato";"non comunicato"
"BANCA DI CREDITO COOPERATIVO 'S. GIUSEPPE' DI PETRALIA SOTTANA - SOCIETA' COOPERATIVA";"00223510827";"08976";"ICRAITRRR40";"";"1";"1";"1";"non comunicato";"non comunicato";"non comunicato";"non comunicato";"non comunicato"
"BANCA DI CREDITO COOPERATIVO ABRUZZESE - CAPPELLE SUL TAVO SOCIETA' COOPERATIVA";"00091530683";"08434";"ICRAITRRC20";"";"1";"0";"1";"non comunicato";"non comunicato";"non comunicato";"non comunicato";"non comunicato"
"BANCA DI CREDITO COOPERATIVO AGRIGENTINO - SOCIETA' COOPERATIVA";"02428850842";"07108";"ICRAITRRUS0";"";"1";"1";"1";"non comunicato";"non comunicato";"non comunicato";"non comunicato";"non comunicato"
"BANCA DI CREDITO COOPERATIVO AGROBRESCIANO - SOCIETA' COOPERATIVA";"00284980174";"08575";"ICRAITRRFZ0";"";"1";"1";"1";"non comunicato";"non comunicato";"non comunicato";"non comunicato";"non comunicato"
"BANCA DI CREDITO COOPERATIVO BERGAMASCA E OROBICA - SOCIETA' COOPERATIVA";"04074830169";"08940";"ICRAITRRQ40";"";"1";"0";"1";"non comunicato";"non comunicato";"non comunicato";"non comunicato";"non comunicato"
"BANCA DI CREDITO COOPERATIVO BERGAMO E VALLI - SOCIETA' COOPERATIVA - BCC BERGAMO";"00312270168";"08869";"ICRAITRRO50";"";"1";"0";"1";"non comunicato";"non comunicato";"non comunicato";"non comunicato";"non comunicato"
"BANCA DI CREDITO COOPERATIVO BRIANZA E LAGHI - SOCIETA' COOPERATIVA";"00318030137";"08329";"ICRAITRR950";"";"1";"1";"1";"non comunicato";"non comunicato";"non comunicato";"non comunicato";"non comunicato"
"BANCA DI CREDITO COOPERATIVO DEGLI ULIVI - TERRA DI BARI - SOCIETA' COOPERATIVA";"00274050723";"08988";"ICRAITRRRG0";"";"1";"0";"1";"non comunicato";"non comunicato";"non comunicato";"non comunicato";"non comunicato"
"BANCA DI CREDITO COOPERATIVO DEI CASTELLI E DEGLI IBLEI SOCIETA' COOPERATIVA";"01617330855";"07078";"CCRTIT2TIBL";"";"1";"1";"1";"Sì per tutti";"Sì per propri correntisti";"No";"No";"No"
"BANCA DI CREDITO COOPERATIVO DEI CASTELLI ROMANI E DEL TUSCOLO - SOCIETA' COOPERATIVA";"07311521004";"07092";"ICRAITRRCX0";"";"1";"0";"1";"Sì per tutti";"Sì per propri correntisti";"No";"No";"No"
"BANCA DI CREDITO COOPERATIVO DEI COLLI ALBANI - SOCIETA' COOPERATIVA";"01103500581";"08951";"ICRAITRRQF0";"";"1";"0";"1";"non comunicato";"non comunicato";"non comunicato";"non comunicato";"non comunicato"
"BANCA DI CREDITO COOPERATIVO DEL BASSO SEBINO - SOCIETA' COOPERATIVA";"00278750179";"08437";"ICRAITRRC50";"";"1";"0";"1";"No";"Sì per propri correntisti";"Sì per propri correntisti";"No";"No"
"BANCA DI CREDITO COOPERATIVO DEL CIRCEO E PRIVERNATE - SOCIETA' COOPERATIVA";"01710450592";"07017";"ICRAITRRS90";"";"1";"0";"1";"Sì per tutti";"Sì per propri correntisti";"No";"No";"No"
"BANCA DI CREDITO COOPERATIVO DEL METAURO - SOCIETA' COOPERATIVA";"81004820411";"08700";"ICRAITRRJG0";"";"1";"0";"1";"No";"Sì per propri correntisti";"Sì per propri correntisti";"No";"No"
"BANCA DI CREDITO COOPERATIVO DEL VELINO - COMUNE DI POSTA PROVINCIA DI RIETI - SOCIETA' COOPERATIVA";"00036100576";"08743";"CCRTIT2TVEL";"";"1";"1";"1";"Sì per propri correntisti";"Sì per propri correntisti";"No";"No";"No"
"BANCA DI CREDITO COOPERATIVO DELL'ALTO TIRRENO DELLA CALABRIA VERBICARO - SOCIETA' COOPERATIVA";"00945950780";"08365";"ICRAITRRA50";"";"1";"0";"1";"Sì per tutti";"Sì per propri correntisti";"No";"No";"No"
"BANCA DI CREDITO COOPERATIVO DELL'OGLIO E DEL SERIO - SOCIETA' COOPERATIVA";"02249360161";"08514";"ICRAITRREA0";"";"1";"1";"1";"non comunicato";"non comunicato";"non comunicato";"non comunicato";"non comunicato"
"BANCA DI CREDITO COOPERATIVO DELLA ROMAGNA OCCIDENTALE - SOCIETA' COOPERATIVA";"00068200393";"08462";"ICRAITRRCU0";"";"1";"1";"1";"Sì per propri correntisti";"Sì per propri correntisti";"No";"No";"No"
"BANCA DI CREDITO COOPERATIVO DELLA VALLE DEL TRIGNO - SOCIETA' COOPERATIVA";"00674390703";"08189";"ICRAITRR59Z";"";"1";"0";"1";"non comunicato";"non comunicato";"non comunicato";"non comunicato";"non comunicato"
"BANCA DI CREDITO COOPERATIVO DELLE PREALPI - SOCIETA' COOPERATIVA";"00254520265";"08904";"CCRTIT2TPRE";"";"1";"1";"1";"Sì per propri correntisti";"Sì per propri correntisti";"No";"No";"No"
"BANCA DI CREDITO COOPERATIVO DI ALBEROBELLO E SAMMICHELE DI BARI - SOCIETA' COOPERATIVA";"00380000729";"08338";"CCRTIT2TALB";"";"1";"1";"1";"Sì per tutti";"Sì per propri correntisti";"No";"No";"No"
"BANCA DI CREDITO COOPERATIVO DI ALTOFONTE E CACCAMO - SOCIETA' COOPERATIVA";"00193930823";"08341";"ICRAITRR9H0";"";"1";"1";"1";"non comunicato";"non comunicato";"non comunicato";"non comunicato";"non comunicato"
"BANCA DI CREDITO COOPERATIVO DI ANAGNI SOCIETA' COOPERATIVA (IN BREVE BANCANAGNI CREDITO COOPERATIVO)";"00088800602";"08344";"CCRTIT2TN00";"";"1";"1";"1";"Sì per tutti";"Sì per propri correntisti";"No";"No";"No"
"BANCA DI CREDITO COOPERATIVO DI AQUARA SOCIETA' COOPERATIVA";"00639000652";"08342";"CCRTIT2TAQU";"";"1";"1";"1";"Sì per tutti";"Sì per propri correntisti";"No";"No";"No"
"BANCA DI CREDITO COOPERATIVO DI ARBOREA - SOCIETA' COOPERATIVA";"00359060951";"08362";"ICRAITRRA20";"";"1";"1";"1";"non comunicato";"non comunicato";"non comunicato";"non comunicato";"non comunicato"
"BANCA DI CREDITO COOPERATIVO DI AVETRANA - SOCIETA' COOPERATIVA";"00120540737";"08354";"ICRAITRR9U0";"";"1";"0";"1";"non comunicato";"non comunicato";"non comunicato";"non comunicato";"non comunicato"
"BANCA DI CREDITO COOPERATIVO DI BARI - SOCIETA' COOPERATIVA";"04499160721";"07012";"ICRAITRRS40";"";"1";"0";"1";"non comunicato";"non comunicato";"non comunicato";"non comunicato";"non comunicato"
"BANCA DI CREDITO COOPERATIVO DI BARLASSINA (MILANO) - SOCIETA' COOPERATIVA";"01434500151";"08374";"ICRAITMMAE0";"";"1";"0";"1";"Sì per tutti";"Sì per propri correntisti";"No";"No";"No"
"BANCA DI CREDITO COOPERATIVO DI BASCIANO - SOCIETA' COOPERATIVA";"00658270673";"08149";"ICRAITRR450";"";"1";"0";"1";"non comunicato";"non comunicato";"non comunicato";"non comunicato";"non comunicato"
"BANCA DI CREDITO COOPERATIVO DI BELLEGRA SOCIETA' COOPERATIVA";"01041710581";"08381";"ICRAITRRAL0";"";"1";"1";"1";"non comunicato";"non comunicato";"non comunicato";"non comunicato";"non comunicato"
"BANCA DI CREDITO COOPERATIVO DI BORGHETTO LODIGIANO - SOCIETA' COOPERATIVA";"00781330154";"08030";"ICRAITRROUO";"";"1";"1";"1";"non comunicato";"non comunicato";"non comunicato";"non comunicato";"non comunicato"
"BANCA DI CREDITO COOPERATIVO DI BRESCIA - SOCIETA' COOPERATIVA (ABBR. CREDITO COOPERATIVO DI BRESCIA - SOCIETA' COOP.)";"00385040175";"08692";"CCRTIT2TH00";"";"1";"1";"1";"Sì per propri correntisti";"Sì per propri correntisti";"No";"No";"No"
"BANCA DI CREDITO COOPERATIVO DI BUCCINO E DEI COMUNI CILENTANI - SOCIETA' COOPERATIVA";"03685090650";"07066";"ICRAITRRTM0";"";"1";"1";"1";"non comunicato";"non comunicato";"non comunicato";"non comunicato";"non comunicato"
"BANCA DI CREDITO COOPERATIVO DI BUONABITACOLO SOCIETA' COOPERATIVA";"01707230650";"08409";"ICRAITRRBD0";"";"1";"1";"1";"non comunicato";"non comunicato";"non comunicato";"non comunicato";"non comunicato"
"BANCA DI CREDITO COOPERATIVO DI BUSTO GAROLFO E BUGUGGIATE -SOCIETA' COOPERATIVA";"00688150150";"08404";"ICRAITRRB80";"";"1";"1";"1";"non comunicato";"non comunicato";"non comunicato";"non comunicato";"non comunicato"
"BANCA DI CREDITO COOPERATIVO DI CAGLIARI SOCIETA' COOPERATIVA";"02742900927";"07096";"ICRAITRRUG0";"";"1";"1";"1";"non comunicato";"non comunicato";"non comunicato";"non comunicato";"non comunicato"
"BANCA DI CREDITO COOPERATIVO DI CANOSA - LOCONIA - SOCIETA' COOPERATIVA";"00387040728";"08606";"ICRAITRRGU0";"";"1";"0";"1";"non comunicato";"non comunicato";"non comunicato";"non comunicato";"non comunicato"
"BANCA DI CREDITO COOPERATIVO DI CAPACCIO PAESTUM - SOCIETA' COOPERATIVA";"00258720655";"08431";"ICRAITRR";"";"1";"0";"1";"non comunicato";"non comunicato";"non comunicato";"non comunicato";"non comunicato"
"BANCA DI CREDITO COOPERATIVO DI CARATE BRIANZA - SOCIETA' COOPERATIVA";"01309550158";"08440";"CRCBIT22";"";"1";"0";"1";"non comunicato";"non comunicato";"non comunicato";"non comunicato";"non comunicato"
"BANCA DI CREDITO COOPERATIVO DI CASALGRASSO E SANT'ALBANO STURA - SOCIETA' COOPERATIVA";"00167420041";"08833";"CCRTIT2TCSS";"";"1";"1";"1";"Sì per propri correntisti";"Sì per propri correntisti";"No";"No";"No"
"BANCA DI CREDITO COOPERATIVO DI CASSANO DELLE MURGE E TOLVE - SOCIETA' COOPERATIVA";"00407800721";"08460";"ICRAITRRCS0";"";"1";"0";"1";"Sì per propri correntisti";"Sì per propri correntisti";"No";"No";"No"
"BANCA DI CREDITO COOPERATIVO DI CASTAGNETO CARDUCCI SOCIETA'COOPERATIVA PER AZIONI";"00149160491";"08461";"CCRTIT2TCAS";"";"1";"1";"1";"Sì per propri correntisti";"Sì per propri correntisti";"No";"No";"No"
"BANCA DI CREDITO COOPERATIVO DI CASTIGLIONE MESSER RAIMONDO E PIANELLA - SOCIETA' COOPERATIVA A RESPONSABILITA' LIMITATA";"00925980674";"08473";"ICRAITRRD50";"";"1";"0";"1";"non comunicato";"non comunicato";"non comunicato";"non comunicato";"non comunicato"
"BANCA DI CREDITO COOPERATIVO DI CHERASCO - SOCIETA' COOPERATIVA";"00204710040";"08487";"ICRAITRRDJ0";"";"1";"1";"1";"Sì per propri correntisti";"Sì per propri correntisti";"No";"No";"No"
"BANCA DI CREDITO COOPERATIVO DI CITTANOVA - SOCIETA' COOPERATIVA";"00087180808";"08492";"ICRAITRRDO0";"";"1";"0";"1";"non comunicato";"non comunicato";"non comunicato";"non comunicato";"non comunicato"
"BANCA DI CREDITO COOPERATIVO DI CONVERSANO - SOCIETA' COOPERATIVA";"00334280724";"08503";"CCRTIT2TT00";"";"1";"1";"1";"Sì per propri correntisti";"Sì per propri correntisti";"No";"No";"No"
"BANCA DI CREDITO COOPERATIVO DI FANO - SOCIETA' COOPERATIVA";"00131220410";"08519";"ICRAITRREF0";"";"1";"0";"1";"non comunicato";"non comunicato";"non comunicato";"non comunicato";"non comunicato"
"BANCA DI CREDITO COOPERATIVO DI FLUMERI - SOCIETA' COOPERATIVA";"00686880642";"08553";"ICRAITRRFD0";"";"1";"0";"1";"Sì per propri correntisti";"Sì per propri correntisti";"No";"No";"No"
"BANCA DI CREDITO COOPERATIVO DI GAMBATESA - SOCIETA' COOPERATIVA";"00068860709";"08572";"ICRAITRRFW0";"";"1";"1";"1";"non comunicato";"non comunicato";"non comunicato";"non comunicato";"non comunicato"
"BANCA DI CREDITO COOPERATIVO DI GAUDIANO DI LAVELLO - SOCIETA' COOPERATIVA";"93000870761";"08554";"ICRAITRRFE0";"";"1";"1";"1";"non comunicato";"non comunicato";"non comunicato";"non comunicato";"non comunicato"
"BANCA DI CREDITO COOPERATIVO DI GRADARA - SOCIETA' COOPERATIVA";"00131830416";"08578";"ICRAITRRG20";"";"1";"0";"1";"non comunicato";"non comunicato";"non comunicato";"non comunicato";"non comunicato"
"BANCA DI CREDITO COOPERATIVO DI LEVERANO - SOCIETA' COOPERATIVA";"00143270759";"08603";"ICRAITRRGR0";"";"1";"0";"1";"non comunicato";"non comunicato";"non comunicato";"non comunicato";"non comunicato"
"BANCA DI CREDITO COOPERATIVO DI LEZZENO (COMO) - SOCIETA' COOPERATIVA A RESPONSABILITA' LIMITATA";"00287860134";"08618";"ICRAITRRH60";"";"1";"0";"1";"non comunicato";"non comunicato";"non comunicato";"non comunicato";"non comunicato"
"BANCA DI CREDITO COOPERATIVO DI LOCOROTONDO CASSA RURALE E ARTIGIANA - SOCIETA' COOPERATIVA";"00369440722";"08607";"CCRTIT2TLND";"";"1";"0";"1";"Sì per propri correntisti";"Sì per propri correntisti";"No";"No";"No"
"BANCA DI CREDITO COOPERATIVO DI MARINA DI GINOSA - SOCIETA' COOPERATIVA";"00133340737";"08688";"ICRAITRRJ40";"";"1";"0";"1";"non comunicato";"non comunicato";"non comunicato";"non comunicato";"non comunicato"
"BANCA DI CREDITO COOPERATIVO DI MASSAFRA - SOCIETA' COOPERATIVA";"02425620735";"07094";"ICRAITRRUE0";"";"1";"0";"1";"non comunicato";"non comunicato";"non comunicato";"non comunicato";"non comunicato"
"BANCA DI CREDITO COOPERATIVO DI MILANO - SOCIETA' COOPERATIVA";"01132850155";"08453";"ICRAITRRCL0";"";"1";"1";"1";"non comunicato";"non comunicato";"non comunicato";"non comunicato";"non comunicato"
"BANCA DI CREDITO COOPERATIVO DI MONTEPAONE SOCIETA' COOPERATIVA";"01661590792";"08126";"ICRAITRR3I0";"";"1";"0";"1";"non comunicato";"non comunicato";"non comunicato";"non comunicato";"non comunicato"
"BANCA DI CREDITO COOPERATIVO DI MOZZANICA - SOCIETA' COOPERATIVA";"00264910167";"08679";"ICRAITRRIV0";"";"1";"0";"1";"non comunicato";"non comunicato";"non comunicato";"non comunicato";"non comunicato"
"BANCA DI CREDITO COOPERATIVO DI NAPOLI SOCIETA' COOPERATIVA PER AZIONI (IN SIGLA B.C.C. DI NAPOLI)";"05587171215";"07110";"ICRAITRRUU0";"";"1";"0";"1";"non comunicato";"non comunicato";"non comunicato";"non comunicato";"non comunicato"
"BANCA DI CREDITO COOPERATIVO DI NETTUNO SOCIETA' COOPERATIVA";"00386990584";"08693";"ICRAITRRJ90";"";"1";"0";"1";"non comunicato";"non comunicato";"non comunicato";"non comunicato";"non comunicato"
"BANCA DI CREDITO COOPERATIVO DI OPPIDO LUCANO E RIPACANDIDA - SOCIETA' COOPERATIVA";"00101730760";"08708";"ICRAITRRJO0";"";"1";"0";"1";"non comunicato";"non comunicato";"non comunicato";"non comunicato";"non comunicato"
"BANCA DI CREDITO COOPERATIVO DI OSTRA E MORRO D'ALBA - SOCIETA' COOPERATIVA";"01440090429";"08704";"ICRAITRRJK0";"";"1";"0";"1";"non comunicato";"non comunicato";"non comunicato";"non comunicato";"non comunicato"
"BANCA DI CREDITO COOPERATIVO DI OSTRA VETERE SOCIETA' COOPERATIVA";"00172010423";"08705";"ICRAITRRJL";"";"1";"0";"1";"non comunicato";"non comunicato";"non comunicato";"non comunicato";"non comunicato"
"BANCA DI CREDITO COOPERATIVO DI OSTUNI - SOCIETA' COOPERATIVA";"00059520742";"08706";"ICRAITRRJM0";"";"1";"1";"1";"non comunicato";"non comunicato";"non comunicato";"non comunicato";"non comunicato"
"BANCA DI CREDITO COOPERATIVO DI PACHINO - SOCIETA' COOPERATIVA";"00078210895";"08713";"ICRAITRRJT0";"";"1";"0";"1";"non comunicato";"non comunicato";"non comunicato";"non comunicato";"non comunicato"
"BANCA DI CREDITO COOPERATIVO DI PERGOLA E CORINALDO SOCIETA' COOPERATIVA";"00141120410";"08731";"ICRAITRRKB0";"";"1";"0";"1";"non comunicato";"non comunicato";"non comunicato";"non comunicato";"non comunicato"
"BANCA DI CREDITO COOPERATIVO DI PIANFEI E ROCCA DE' BALDI - SOCIETA' COOPERATIVA";"00167840040";"08753";"ICRAITRRKX0";"";"1";"0";"1";"Sì per propri correntisti";"Sì per propri correntisti";"No";"No";"No"
"BANCA DI CREDITO COOPERATIVO DI PONTASSIEVE - SOCIETA' COOPERATIVA";"00409340486";"08736";"ICRAIT3FKG0";"";"1";"1";"1";"non comunicato";"non comunicato";"non comunicato";"non comunicato";"non comunicato"
"BANCA DI CREDITO COOPERATIVO DI PRATOLA PELIGNA (L'AQUILA) -SOCIETA' COOPERATIVA";"00092420660";"08747";"ICRAITRRKR0";"";"1";"1";"1";"non comunicato";"non comunicato";"non comunicato";"non comunicato";"non comunicato"
"BANCA DI CREDITO COOPERATIVO DI PUTIGNANO - SOCIETA' COOPERATIVA PER AZIONI";"06570340726";"07113";"ICRAITRRUX0";"";"1";"0";"1";"non comunicato";"non comunicato";"non comunicato";"non comunicato";"non comunicato"
"BANCA DI CREDITO COOPERATIVO DI RECANATI E COLMURANO - SOCIETA' COOPERATIVA";"01176450433";"08765";"ICRAITRRL90";"";"1";"1";"1";"non comunicato";"non comunicato";"non comunicato";"non comunicato";"non comunicato"
"BANCA DI CREDITO COOPERATIVO DI RIANO SOCIETA' COOPERATIVA";"01025110584";"08787";"ICRAITRRLV0";"";"1";"1";"1";"non comunicato";"non comunicato";"non comunicato";"non comunicato";"non comunicato"
"BANCA DI CREDITO COOPERATIVO DI ROMA SOCIETA' COOPERATIVA";"01275240586";"08327";"ROMAITRRXXX";"";"1";"1";"1";"non comunicato";"non comunicato";"non comunicato";"non comunicato";"non comunicato"
"BANCA DI CREDITO COOPERATIVO DI SAN BIAGIO PLATANI, SOCIETA'COOPERATIVA";"00098180847";"08800";"ICRAITRRM80";"";"1";"0";"1";"non comunicato";"non comunicato";"non comunicato";"non comunicato";"non comunicato"
"BANCA DI CREDITO COOPERATIVO DI SAN GIOVANNI ROTONDO - SOCIETA' COOPERATIVA";"00149260713";"08810";"CCRTIT2TSGR";"";"1";"1";"1";"Sì per propri correntisti";"Sì per propri correntisti";"No";"No";"No"
"BANCA DI CREDITO COOPERATIVO DI SAN MARCO DEI CAVOTI E DEL SANNIO-CALVI - SOCIETA' COOPERATIVA";"00064400625";"08997";"CCRTIT2TL00";"";"1";"1";"1";"non comunicato";"non comunicato";"non comunicato";"non comunicato";"non comunicato"
"BANCA DI CREDITO COOPERATIVO DI SAN MARZANO DI SAN GIUSEPPE - TARANTO - SOCIETA' COOPERATIVA";"00130830730";"08817";"ICRAITRRMP0";"";"1";"0";"1";"Sì per propri correntisti";"Sì per propri correntisti";"No";"No";"No"
"BANCA DI CREDITO COOPERATIVO DI SANTERAMO IN COLLE - SOCIETA' COOPERATIVA";"00256750720";"08844";"ICRAITRRNG0";"";"1";"1";"1";"non comunicato";"non comunicato";"non comunicato";"non comunicato";"non comunicato"
"BANCA DI CREDITO COOPERATIVO DI SARSINA - SOCIETA' COOPERATIVA";"00127840403";"08850";"ICRAITRRNM0";"";"1";"0";"1";"No";"Sì per propri correntisti";"Sì per propri correntisti";"No";"No"
"BANCA DI CREDITO COOPERATIVO DI SCAFATI E CETARA SOCIETA' COOPERATIVA";"00252880653";"08855";"ICRAITRRNR0";"";"1";"1";"1";"non comunicato";"non comunicato";"non comunicato";"non comunicato";"non comunicato"
"BANCA DI CREDITO COOPERATIVO DI SERINO (AVELLINO) - SOCIETA'COOPERATIVA";"00591180641";"08824";"ICRAITRRMW0";"";"1";"0";"1";"non comunicato";"non comunicato";"non comunicato";"non comunicato";"non comunicato"
"BANCA DI CREDITO COOPERATIVO DI SPELLO E BETTONA - SOCIETA' COOPERATIVA";"00228700548";"08871";"ICRAITRRO70";"";"1";"0";"1";"Sì per propri correntisti";"Sì per propri correntisti";"No";"No";"No"
"BANCA DI CREDITO COOPERATIVO DI SPINAZZOLA - SOCIETA' COOPERATIVA";"00256810722";"08873";"ICRAITRRO90";"";"1";"0";"1";"No";"Sì per propri correntisti";"No";"Sì per propri correntisti";"No"
"BANCA DI CREDITO COOPERATIVO DI STARANZANO E VILLESSE - SOCIETA' COOPERATIVA";"00064500317";"08877";"ICRAITRROD0";"";"1";"0";"1";"non comunicato";"non comunicato";"non comunicato";"non comunicato";"non comunicato"
"BANCA DI CREDITO COOPERATIVO DI TERRA D'OTRANTO - SOCIETA' COOPERATIVA";"00198480758";"08445";"ICRAITRRCD0";"";"1";"1";"1";"non comunicato";"non comunicato";"non comunicato";"non comunicato";"non comunicato"
"BANCA DI CREDITO COOPERATIVO DI TRIUGGIO E DELLA VALLE DEL LAMBRO - SOCIETA' COOPERATIVA";"00698390150";"08901";"ICRAITRRP10";"";"1";"1";"1";"No";"Sì per propri correntisti";"No";"No";"No"
"BANCA DI CREDITO COOPERATIVO DI TURRIACO - SOCIETA' COOPERATIVA";"00065880312";"08903";"ICRAITRRP30";"";"1";"0";"1";"Sì per propri correntisti";"Sì per propri correntisti";"No";"No";"No"
"BANCA DI CREDITO COOPERATIVO DI VALLEDOLMO - SOCIETA' COOPERATIVA";"03341420820";"08071";"ICRAITRR1Z0";"";"1";"0";"1";"non comunicato";"non comunicato";"non comunicato";"non comunicato";"non comunicato"
"BANCA DI CREDITO COOPERATIVO DI VENEZIA, PADOVA E ROVIGO - BANCA ANNIA SOCIETA' COOPERATIVA";"00285800280";"08452";"CCRTIT2TW00";"";"1";"1";"1";"non comunicato";"non comunicato";"non comunicato";"non comunicato";"non comunicato"
"BANCA DI CREDITO COOPERATIVO LA RISCOSSA DI REGALBUTO - SOCIETA' COOPERATIVA";"00037750866";"08954";"CCRTIT2TO00";"";"1";"1";"1";"Sì per propri correntisti";"Sì per propri correntisti";"No";"No";"No"
"BANCA DI CREDITO COOPERATIVO LAUDENSE - LODI SOCIETA' COOPERATIVA";"09900240152";"08794";"ICRAITRRM20";"";"1";"1";"1";"Sì per propri correntisti";"Sì per propri correntisti";"No";"No";"No"
"BANCA DI CREDITO COOPERATIVO PORDENONESE - SOCIETA' COOPERATIVA";"00091700930";"08356";"ICRAITRR9W0";"";"1";"0";"1";"non comunicato";"non comunicato";"non comunicato";"non comunicato";"non comunicato"
"BANCA DI CREDITO COOPERATIVO SAN GIUSEPPE DI MUSSOMELI - SOCIETA' COOPERATIVA";"00056550858";"08975";"ICRAITRRR30";"";"1";"0";"1";"non comunicato";"non comunicato";"non comunicato";"non comunicato";"non comunicato"
"BANCA DI CREDITO COOPERATIVO SAN MICHELE DI CALTANISSETTA E PIETRAPERZIA - SOCIETA' COOPERATIVA PER AZIONI";"00041190851";"08979";"ICRAITRRR70";"";"1";"0";"1";"non comunicato";"non comunicato";"non comunicato";"non comunicato";"non comunicato"
"BANCA DI CREDITO COOPERATIVO SANGRO TEATINA DI ATESSA";"00086890696";"08968";"ICRAITRRQW0";"";"1";"1";"1";"Sì per tutti";"Sì per propri correntisti";"Sì per propri correntisti";"No";"No"
"BANCA DI CREDITO COOPERATIVO TERRA DI LAVORO - S. VINCENZO DE' PAOLI SOCIETA' COOPERATIVA PER AZIONI";"00094970613";"08987";"ICRAITRRRF0";"";"1";"0";"1";"non comunicato";"non comunicato";"non comunicato";"non comunicato";"non comunicato"
"BANCA DI CREDITO COOPERATIVO VALDOSTANA - COOPERATIVE DE CREDIT VALDOTAINE - SOCIETA' COOPERATIVA";"00365360072";"08587";"CCRTIT2TVAL";"";"1";"1";"1";"Sì per tutti";"Sì per propri correntisti";"Sì per propri correntisti";"No";"No"
"BANCA DI CREDITO COOPERATIVO VALLE DEL TORTO - SOCIETA' COOPERATIVA";"00101580827";"08601";"ICRAITRRGP0";"";"1";"1";"1";"non comunicato";"non comunicato";"non comunicato";"non comunicato";"non comunicato"
"BANCA DI CREDITO COOPERATIVO VICENTINO - POJANA MAGGIORE (VICENZA) - SOCIETA' COOPERATIVA";"00152400248";"08732";"ICRAITRRKC0";"";"1";"1";"1";"non comunicato";"non comunicato";"non comunicato";"non comunicato";"non comunicato"
"BANCA DI FILOTTRANO - CREDITO COOPERATIVO DI FILOTTRANO E CAMERANO - SOCIETA' COOPERATIVA";"00135400422";"08549";"ICRAITRRF90";"";"1";"1";"1";"No";"Sì per propri correntisti";"Sì per propri correntisti";"No";"No"
"BANCA DI FORMELLO E TREVIGNANO ROMANO DI CREDITO COOPERATIVO SOCIETA' COOPERATIVA";"00721840585";"08812";"ICRAITRRMK0";"";"1";"1";"1";"non comunicato";"non comunicato";"non comunicato";"non comunicato";"non comunicato"
"BANCA DI MONASTIER E DEL SILE - CREDITO COOPERATIVO - SOCIETA' COOPERATIVA";"03588770267";"07074";"ICRAITRRTU0";"";"1";"0";"1";"non comunicato";"non comunicato";"non comunicato";"non comunicato";"non comunicato"
"BANCA DI PESARO CREDITO COOPERATIVO - SOCIETA' COOPERATIVA";"00128830411";"08826";"ICRAITRRMY0";"";"1";"1";"1";"non comunicato";"non comunicato";"non comunicato";"non comunicato";"non comunicato"
"BANCA DI PESCIA E CASCINA - CREDITO COOPERATIVO - SOCIETA' COOPERATIVA";"00158450478";"08358";"ICRAITRR9Y0";"";"1";"0";"1";"non comunicato";"non comunicato";"non comunicato";"non comunicato";"non comunicato"
"BANCA DI PISA E FORNACETTE CREDITO COOPERATIVO - SOCIETA' COOPERATIVA PER AZIONI";"00179660501";"08562";"BCCFIT33";"";"1";"0";"1";"non comunicato";"non comunicato";"non comunicato";"non comunicato";"non comunicato"
"BANCA DI RIPATRANSONE E DEL FERMANO - CREDITO COOPERATIVO - SOCIETA' COOPERATIVA";"00096910443";"08769";"ICRAITRRLD0";"";"1";"0";"1";"non comunicato";"non comunicato";"non comunicato";"non comunicato";"non comunicato"
"BANCA DI TARANTO - BANCA DI CREDITO COOPERATIVO - SOCIETA' COOPERATIVA";"02389630738";"07087";"ICRAITRRU70";"";"1";"0";"1";"non comunicato";"non comunicato";"non comunicato";"non comunicato";"non comunicato"
"BANCA DI UDINE CREDITO COOPERATIVO - SOCIETA' COOPERATIVA";"00252520309";"08715";"ICRAITRRJV0";"";"1";"0";"1";"non comunicato";"non comunicato";"non comunicato";"non comunicato";"non comunicato"
"BANCA DI VERONA CREDITO COOPERATIVO CADIDAVID SOCIETA' COOPERATIVA PER AZIONI";"00319990230";"08416";"ICRAITRRBK0";"";"1";"1";"1";"non comunicato";"non comunicato";"non comunicato";"non comunicato";"non comunicato"
"BANCA DON RIZZO - CREDITO COOPERATIVO DELLA SICILIA OCCIDENTALE - SOCIETA' COOPERATIVA";"00071310817";"08946";"ICRAITRRQA0";"";"1";"1";"1";"Sì per propri correntisti";"Sì per propri correntisti";"Sì per propri correntisti";"No";"Sì per tutti"
"BANCA LAZIO NORD CREDITO COOPERATIVO - SOCIETA' COOPERATIVA PER AZIONI";"00057680563";"08931";"CCRTIT2TVIT";"";"1";"1";"1";"Sì per propri correntisti";"Sì per propri correntisti";"No";"No";"No"
"BANCA MALATESTIANA - CREDITO COOPERATIVO - SOCIETA' COOPERATIVA";"03310710409";"07090";"CCRTIT2TMAL";"";"1";"1";"1";"Sì per tutti";"Sì per propri correntisti";"No";"No";"No"
"BANCA MONTE PRUNO - CREDITO COOPERATIVO DI FISCIANO, ROSCIGNO E LAURINO- SOCIETA' COOPERATIVA";"00269570651";"08784";"CCRTIT2TMPR";"";"1";"1";"1";"Sì per propri correntisti";"Sì per propri correntisti";"No";"No";"No"
"BANCA PATAVINA CREDITO COOPERATVO DI SANT'ELENA E PIOVE DI SACCO, SOCIETA' COOPERATIVA";"00311340285";"08728";"ICRAITRRK80";"";"1";"1";"1";"non comunicato";"non comunicato";"non comunicato";"non comunicato";"non comunicato"
"BANCA S. BIAGIO DEL VENETO ORIENTALE DI CESAROLO, FOSSALTA DI PORTOGRUARO E PERTEGADA - B.C.C. - SOCIETA' COOPERATIVA";"02794950275";"08965";"CCRTIT2TU00";"";"1";"1";"1";"Sì per propri correntisti";"Sì per propri correntisti";"No";"No";"No"
"BANCA SAN FRANCESCO CREDITO COOPERATIVO - SOCIETA' COOPERATIVA";"00097080840";"08969";"ICRAITRRQX0";"";"1";"0";"1";"non comunicato";"non comunicato";"non comunicato";"non comunicato";"non comunicato"
"BANCA SAN GIORGIO QUINTO VALLE AGNO - CREDITO COOPERATIVO - SOC. COOP.";"00232120246";"08807";"CCRTIT2TC11";"";"1";"1";"1";"Sì per tutti";"Sì per propri correntisti";"No";"No";"No"
"BANCA SANTO STEFANO - CREDITO COOPERATIVO - MARTELLAGO-VENEZIA - SOCIETA' COOPERATIVA";"00226370278";"08990";"ICRAITRRRI0";"";"1";"0";"1";"non comunicato";"non comunicato";"non comunicato";"non comunicato";"non comunicato"
"BANCA SICANA - CREDITO COOPERATIVO DI SOMMATINO, SERRADIFALCO E SAMBUCA DI SICILIA - SOCIETA' COOPERATIVA";"01438930859";"08985";"CCRTIT2TNIS";"";"1";"1";"1";"Sì per propri correntisti";"Sì per propri correntisti";"No";"No";"No"
"BANCA VALDICHIANA - CREDITO COOPERATIVO DI CHIUSI E MONTEPULCIANO - SOCIETA' COOPERATIVA";"01433000526";"08489";"ICRAITRRDL0";"";"1";"0";"1";"No";"Sì per propri correntisti";"Sì per propri correntisti";"No";"No"
"BANCA VERONESE CREDITO COOPERATIVO DI CONCAMARISE SOCIETA' COOPERATIVA";"00326490232";"08322";"ICRAITRR8Y0";"";"1";"0";"1";"No";"Sì per propri correntisti";"No";"No";"No"
"BANCA VERSILIA LUNIGIANA E GARFAGNANA - CREDITO COOPERATIVO - SOCIETA' COOPERATIVA";"00174600460";"08726";"ICRAITRRK60";"";"1";"1";"1";"non comunicato";"non comunicato";"non comunicato";"non comunicato";"non comunicato"
"BANCATER CREDITO COOPERATIVO FVG  - SOCIETA' COOPERATIVA";"00251640306";"08631";"CCRTIT2TTER";"";"1";"1";"1";"Sì per propri correntisti";"Sì per propri correntisti";"No";"No";"No"
"BANCO FIORENTINO - MUGELLO IMPRUNETA SIGNA - CREDITO COOPERATIVO - SOCIETA' COOPERATIVA";"06657430481";"08325";"ICRAITRR910";"";"1";"0";"1";"non comunicato";"non comunicato";"non comunicato";"non comunicato";"non comunicato"
"BANCO MARCHIGIANO CREDITO COOPERATIVO";"00096960430";"08491";"CCRTIT2TCIV";"";"1";"1";"1";"Sì per propri correntisti";"Sì per propri correntisti";"No";"No";"No"
"BCC BASILICATA - CREDITO COOPERATIVO DI LAURENZANA E COMUNI LUCANI - SOCIETA' COOPERATIVA";"00114980766";"08597";"ICRAITRRGL0";"";"1";"0";"1";"non comunicato";"non comunicato";"non comunicato";"non comunicato";"non comunicato"
"BCC CAMPANIA CENTRO - CASSA RURALE ED ARTIGIANA - SOCIETA' COOPERATIVA";"00258900653";"08378";"ICRAITRRAI0";"";"1";"1";"1";"non comunicato";"non comunicato";"non comunicato";"non comunicato";"non comunicato"
"BCC del Carso Societa' Cooperativa";"00093160323";"08928";"CCRTIT2TV00";"";"1";"0";"1";"Sì per propri correntisti";"Sì per propri correntisti";"No";"No";"No"
"BCC DI ALBA, LANGHE, ROERO E DEL CANAVESE S.C.";"00236570040";"08530";"ICRAITMMEQ0";"";"1";"1";"1";"No";"Sì per propri correntisti";"Sì per propri correntisti";"No";"No"
"BCC FELSINEA - BANCA DI CREDITO COOPERATIVO DAL1902 - SOCIETA' COOPERATIVA";"00389400375";"08472";"ICRAITRRD40";"";"1";"0";"1";"Sì per propri correntisti";"Sì per propri correntisti";"No";"No";"No"
"BCC UMBRIA CREDITO COOPERATIVO - SOCIETA' COOPERATIVA";"03518350545";"07075";"ICRAITRRTV0";"";"1";"1";"1";"non comunicato";"non comunicato";"non comunicato";"non comunicato";"non comunicato"
"BENE BANCA CREDITO COOPERATIVO DI BENE VAGIENNA (CUNEO) - SOCIETA' COOPERATIVA";"00167340041";"08382";"CCRTIT2TBEN";"";"1";"1";"1";"Sì per tutti";"Sì per propri correntisti";"No";"No";"No"
"CASSA PADANA BANCA DI CREDITO COOPERATIVO SOCIETA' COOPERATIVA";"01741030983";"08340";"ICRAITRR9G0";"";"1";"0";"1";"Sì per tutti";"Sì per propri correntisti";"No";"No";"No"
"CASSA RAIFFEISEN ALTA PUSTERIA SOCIETA' COOPERATIVA (IN LINGUA TEDESCA RAIFFEISENKASSE HOCHPUSTERTAL GENOSSENSCHAFT)";"00143210219";"08020";"RZSBIT21009";"";"1";"1";"1";"Sì per propri correntisti";"Sì per propri correntisti";"No";"No";"No"
"CASSA RAIFFEISEN ALTA VENOSTA SOCIETA' COOPERATIVA (IN LINGUA TEDESCA RAIFFEISENKASSE OBERVINSCHGAU GENOSSENSCHAFT)";"00137230215";"08066";"RZSBIT21424";"";"1";"1";"1";"Sì per propri correntisti";"Sì per propri correntisti";"No";"No";"No"
"CASSA RAIFFEISEN BASSA ATESINA (IN LINGUA TEDESCA RAIFFEISENKASSE UNTERLAND)";"00143480218";"08114";"RZSBIT21317";"";"1";"1";"1";"Sì per propri correntisti";"Sì per propri correntisti";"No";"No";"No"
"CASSA RAIFFEISEN BASSA VALL'ISARCO SOCIETA' COOPERATIVA (IN TEDESCO RAIFFEISENKASSE UNTEREISACKTAL GENOSSENSCHAFT)";"00181170218";"08113";"RZSBIT21013";"";"1";"1";"1";"Sì per propri correntisti";"Sì per propri correntisti";"No";"No";"No"
"CASSA RAIFFEISEN BASSA VENOSTA SOCIETA' COOPERATIVA (IN LINGUA TEDESCA RAIFFEISENKASSE UNTERVINSCHGAU GENOSSENSCHAFT)";"00159550219";"08157";"RZSBIT21022";"";"1";"1";"1";"Sì per propri correntisti";"Sì per propri correntisti";"No";"No";"No"
"CASSA RAIFFEISEN CAMPO DI TRENS SOCIETA' COOPERATIVA (IN LINGUA TEDESCA RAIFFEISENKASSE FREIENFELD GENOSSENSCHAFT)";"00143170215";"08249";"RZSBIT21036";"";"1";"1";"1";"Sì per propri correntisti";"Sì per propri correntisti";"No";"No";"No"
"CASSA RAIFFEISEN CASTELROTTO - ORTISEI SOC. COOPERATIVA - RAIFFEISENKASSE KASTELRUTH - ST. ULRICH GENOSSENSCHAFT";"00170970214";"08056";"RZSBIT21011";"";"1";"1";"1";"Sì per propri correntisti";"Sì per propri correntisti";"No";"No";"No"
"CASSA RAIFFEISEN DELLA VAL PASSIRIA SOCIETA' COOPERATIVA ( IN LINGUA TEDESCA RAIFFEISENKASSE PASSEIER GENOSSENSHAFT)";"00202890216";"08998";"RZSBIT21026";"";"1";"1";"1";"Sì per propri correntisti";"Sì per propri correntisti";"No";"No";"No"
"CASSA RAIFFEISEN DELLA VALLE ISARCO SOCIETA' COOPERATIVA ( IN LINGUA TEDESCA RAIFFEISENKASSE EISACKTAL GENOSSENSHAFT)";"00198330219";"08307";"RZSBIT21007";"";"1";"1";"1";"Sì per propri correntisti";"Sì per propri correntisti";"No";"No";"No"
"CASSA RAIFFEISEN DI BRUNICO SOCIETA' COOPERATIVA (IN LINGUA TEDESCA RAIFFEISENKASSE BRUNECK GENOSSENSCHAFT)";"00198190217";"08035";"RZSBIT21005";"";"1";"1";"1";"Sì per propri correntisti";"Sì per propri correntisti";"No";"No";"No"
"CASSA RAIFFEISEN DI DOBBIACO SOCIETA' COOPERATIVA (IN LINGUA TEDESCA RAIFFEISENKASSE TOBLACH GENOSSENSHAFT)";"00174900217";"08080";"RZSBIT21238";"";"1";"1";"1";"Sì per propri correntisti";"Sì per propri correntisti";"No";"No";"No"
"CASSA RAIFFEISEN DI FUNES SOCIETA' COOPERATIVA (IN LINGUA TEDESCA RAIFFEISENKASSE VILLNOESS GENOSSENSCHAFT)";"00159510213";"08094";"RZSBIT21049";"";"1";"1";"1";"Sì per propri correntisti";"Sì per propri correntisti";"No";"No";"No"
"CASSA RAIFFEISEN DI LAGUNDO SOCIETA' COOPERATIVA (IN LINGUA TEDESCA RAIFFEISENKASSE ALGUND GENOSSENSCHAFT)";"00163310212";"08112";"RZSBIT21001";"";"1";"1";"1";"Sì per propri correntisti";"Sì per propri correntisti";"No";"No";"No"
"CASSA RAIFFEISEN DI LASA SOCIETA' COOPERATIVA (IN LINGUA TEDESCA RAIFFEISENKASSE LAAS GENOSSENSCHAFT)";"00163250210";"08117";"RZSBIT21012";"";"1";"1";"1";"Sì per propri correntisti";"Sì per propri correntisti";"No";"No";"No"
"CASSA RAIFFEISEN DI MARLENGO SOCIETA' COOPERATIVA (IN LINGUA TEDESCA RAIFFEISENKASSE MARLING GENOSSENSHAFT)";"00147690218";"08134";"RZSBIT21018";"";"1";"1";"1";"Sì per propri correntisti";"Sì per propri correntisti";"No";"No";"No"
"CASSA RAIFFEISEN DI MONGUELFO-CASIES-TESIDO SOCIETA' COOPERATIVA (RAIFFEISENKASSE WELSBERG-GSIES-TAISTEN GENOSSENSCHAFT)";"00171380215";"08148";"RZSBIT21052";"";"1";"1";"1";"Sì per propri correntisti";"Sì per propri correntisti";"No";"No";"No"
"CASSA RAIFFEISEN DI NOVA PONENTE-ALDINO SOCIETA' COOPERATIVA(IN TEDESCO RAIFFEISENKASSE DEUTSCHNOFEN-ALDEIN GEN.)";"00163220213";"08162";"RZSBIT21006";"";"1";"1";"1";"Sì per propri correntisti";"Sì per propri correntisti";"No";"No";"No"
"CASSA RAIFFEISEN DI PARCINES SOCIETA' COOPERATIVA (IN LINGUA TEDESCA RAIFFEISENKASSE PARTSCHINS GENOSSENSHAFT)";"00169290210";"08175";"RZSBIT21025";"";"1";"1";"1";"Sì per propri correntisti";"Sì per propri correntisti";"No";"No";"No"
"CASSA RAIFFEISEN DI SAN MARTINO IN PASSIRIA SOCIETA' COOPERATIVA (RAIFFEISENKASSE ST. MARTIN IN PASSEIER GENOSSENSCHAFT)";"00143190213";"08226";"xxxxxxxxx";"";"1";"0";"1";"non comunicato";"non comunicato";"non comunicato";"non comunicato";"non comunicato"
"CASSA RAIFFEISEN DI SCENA SOCIETA' COOPERATIVA (IN LINGUA TEDESCA RAIFFEISENKASSE SCHENNA GENOSSENSCHAFT)";"00143180214";"08234";"RZSBIT21033";"";"1";"1";"1";"Sì per propri correntisti";"Sì per propri correntisti";"No";"No";"No"
"CASSA RAIFFEISEN DI TESIMO SOCIETA' COOPERATIVA (IN LINGUA TEDESCA RAIFFEISENKASSE TISENS GENOSSENSCHAFT)";"00146490214";"08273";"RZSBIT21045";"";"1";"1";"1";"Sì per propri correntisti";"Sì per propri correntisti";"No";"No";"No"
"CASSA RAIFFEISEN DI VANDOIES SOCIETA' COOPERATIVA (IN LINGUA TEDESCA RAIFFEISENKASSE VINTL GENOSSENSHAFT)";"00181320219";"08295";"RZSBIT21050";"";"1";"1";"1";"Sì per propri correntisti";"Sì per propri correntisti";"No";"No";"No"
"CASSA RAIFFEISEN DI VILLABASSA SOCIETA' COOPERATIVA (IN LINGUA TEDESCA RAIFFEISENKASSE NIEDERDORF GENOSSENSCHAFT)";"00138880216";"08302";"RZSBIT21023";"";"1";"1";"1";"Sì per propri correntisti";"Sì per propri correntisti";"No";"No";"No"
"CASSA RAIFFEISEN ETSCHTAL SOCIETA' COOPERATIVA (IN LINGUA TEDESCA RAIFFEISENKASSE ETSCHTAL GENOSSENSCHAFT)";"00158030213";"08269";"RZSBIT21042";"";"1";"1";"1";"Sì per propri correntisti";"Sì per propri correntisti";"No";"No";"No"
"CASSA RAIFFEISEN LACES SOCIETA' COOPERATIVA (IN LINGUA TEDESCA RAIFFEISENKASSE LATSCH GENOSSENSCHAFT)";"00147150213";"08110";"RZSBIT21015";"";"1";"1";"1";"Sì per propri correntisti";"Sì per propri correntisti";"No";"No";"No"
"CASSA RAIFFEISEN LANA SOCIETA' COOPERATIVA (IN LINGUA TEDESCA RAIFFEISENKASSE LANA GENOSSENSCHAFT)";"00186510210";"08115";"RZSBIT21014";"";"1";"1";"1";"Sì per propri correntisti";"Sì per propri correntisti";"No";"No";"No"
"CASSA RAIFFEISEN MERANO SOCIETA' COOPERATIVA (IN LINGUA TEDESCA RAIFFEISENKASSE MERAN GENOSSENSCHAFT)";"00179580212";"08133";"RZSBIT21019";"";"1";"1";"1";"non comunicato";"non comunicato";"non comunicato";"non comunicato";"non comunicato"
"CASSA RAIFFEISEN OLTRADIGE SOCIETA' COOPERATIVA (IN LINGUA TEDESCA RAIFFEISENKASSE UBERETSCH GENOSSENSCHAFT)";"00142030212";"08255";"RZSBIT21048";"";"1";"1";"1";"Sì per propri correntisti";"Sì per propri correntisti";"No";"No";"No"
"CASSA RAIFFEISEN PRATO-TUBRE SOCIETA' COOPERATIVA (IN LINGUA TEDESCA RAIFFEISENKASSE PRAD-TAUFERS GENOSSENSHAFT)";"00161920210";"08183";"RZSBIT21027";"";"1";"1";"1";"Sì per propri correntisti";"Sì per propri correntisti";"No";"No";"No"
"CASSA RAIFFEISEN SCHLERN - ROSENGARTEN SOCIETA' COOPERATIVA (IN TED. RAIFFEISENKASSE SCHLERN-ROSENGARTEN GENOSSENSCHAFT)";"00182930214";"08065";"RZSBIT21510";"";"1";"1";"1";"Sì per propri correntisti";"Sì per propri correntisti";"No";"No";"No"
"CASSA RAIFFEISEN SILANDRO SOCIETA' COOPERATIVA (IN LINGUA TEDESCA RAIFFEISENKASSE SCHLANDERS GENOSSENSCHAFT)";"00171320211";"08244";"RZSBIT21034";"";"1";"1";"1";"Sì per propri correntisti";"Sì per propri correntisti";"No";"No";"No"
"CASSA RAIFFEISEN TIROLO SOCIETA' COOPERATIVA (IN LINGUA TEDESCA RAIFFEISENKASSE TIROL GENOSSENSCHAFT)";"00129600219";"08278";"RZSBIT21044";"";"1";"1";"1";"Sì per propri correntisti";"Sì per propri correntisti";"No";"No";"No"
"CASSA RAIFFEISEN TURES-AURINA SOCIETA' COOPERATIVA (IN LINGUA TEDESCA RAIFFEISENKASSE TAUFERER-AHRNTAL GENOSSENSCHAFT)";"00193730215";"08285";"RZSBIT21040";"";"1";"1";"1";"Sì per propri correntisti";"Sì per propri correntisti";"No";"No";"No"
"CASSA RAIFFEISEN ULTIMO - S. PANCRAZIO - LAUREGNO SOCIETA' COOPERATIVA (RAIFFEISENKASSE ULTEN-ST.PANKRAZ-LAUREIN GEN.)";"00137770210";"08231";"RZSBIT21039";"";"1";"1";"1";"Sì per propri correntisti";"Sì per propri correntisti";"No";"No";"No"
"CASSA RAIFFEISEN VAL BADIA SOCIETA' COOPERATIVA - GENOSSENSCHAFT";"00181060211";"08010";"RZSBIT21008";"";"1";"1";"1";"Sì per propri correntisti";"Sì per propri correntisti";"No";"No";"No"
"CASSA RAIFFEISEN VAL GARDENA SOCIETA' COOPERATIVA (RAIFFEISENKASSE GRODEN GENOSSENSCHAFT - CASSA RAIFFEISEN GHERDEINA)";"00134590215";"08238";"RZSBIT21055";"";"1";"1";"1";"Sì per propri correntisti";"Sì per propri correntisti";"No";"No";"No"
"CASSA RAIFFEISEN VAL SARENTINO SOCIETA' COOPERATIVA (IN LINGUA TEDESCA RAIFFEISENKASSE SARNTAL GENOSSENSCHAFT)";"00181040213";"08233";"RZSBIT21032";"";"1";"1";"1";"Sì per propri correntisti";"Sì per propri correntisti";"No";"No";"No"
"CASSA RAIFFEISEN WIPPTAL SOCIETA' COOPERATIVA (IN LINGUA TEDESCA RAIFFEISENKASSE WIPPTAL GENOSSENSCHAFT)";"00165630211";"08182";"RZSBIT21054";"";"1";"1";"1";"Sì per propri correntisti";"Sì per propri correntisti";"No";"No";"No"
"CASSA RURALE  VAL DI FIEMME - BANCA DI CREDITO COOPERATIVO - SOCIETA' COOPERATIVA";"00104040225";"08184";"CCRTIT2T50A";"";"1";"1";"1";"Sì per tutti";"Sì per propri correntisti";"No";"No";"No"
"CASSA RURALE - BANCA DI CREDITO COOPERATIVO DI TREVIGLIO - SOCIETA' COOPERATIVA";"00255130163";"08899";"BCCTIT2T";"";"1";"1";"1";"non comunicato";"non comunicato";"non comunicato";"non comunicato";"non comunicato"
"CASSA RURALE ADAMELLO - BRENTA BANCA DI CREDITO COOPERATIVO - SOCIETA' COOPERATIVA";"00210910220";"08024";"CCRTIT2T05A";"";"1";"1";"1";"Sì per tutti";"Sì per propri correntisti";"No";"No";"No"
"CASSA RURALE ALTA VALLAGARINA DI BESENELLO, CALLIANO, NOMI, VOLANO - BANCA DI CREDITO COOPERATIVO - SOCIETA' COOPERATIVA";"00158340224";"08305";"CCRTIT2T77A";"";"1";"1";"1";"Sì per tutti";"Sì per propri correntisti";"No";"No";"No"
"CASSA RURALE ALTA VALSUGANA - BANCA DI CREDITO COOPERATIVO - SOCIETA' COOPERATIVA";"00109850222";"08178";"CCRTIT2T47A";"";"1";"1";"1";"Sì per tutti";"Sì per propri correntisti";"No";"No";"No"
"CASSA RURALE ALTO GARDA - BANCA DI CREDITO COOPERATIVO - SOCIETA' COOPERATIVA";"00105910228";"08016";"CCRTIT2T04A";"";"1";"1";"1";"Sì per tutti";"Sì per propri correntisti";"No";"No";"No"
"CASSA RURALE DI BOLZANO SOCIETA' COOPERATIVA (IN LINGUA TEDESCA RAIFFEISENKASSE BOZEN GENOSSENSCHAFT)";"00180630212";"08081";"RZSBIT21003";"";"1";"1";"1";"Sì per propri correntisti";"Sì per propri correntisti";"No";"No";"No"
"CASSA RURALE DI LEDRO - BANCA DI CREDITO COOPERATIVO - SOCIETA' COOPERATIVA";"00106040223";"08026";"CCRTIT2T06A";"";"1";"1";"1";"Sì per tutti";"Sì per propri correntisti";"No";"No";"No"
"CASSA RURALE DI LIZZANA - BANCA DI CREDITO COOPERATIVO - SOCIETA' COOPERATIVA";"00106180227";"08123";"CCRTIT2T33A";"";"1";"1";"1";"Sì per tutti";"Sì per propri correntisti";"No";"No";"No"
"CASSA RURALE DI ROVERETO - BANCA DI CREDITO COOPERATIVO - SOCIETA' COOPERATIVA";"00106190226";"08210";"CCRTIT2T57A";"";"1";"1";"1";"Sì per tutti";"Sì per propri correntisti";"No";"No";"No"
"CASSA RURALE DI SALORNO SOCIETA' COOPERATIVA (IN LINGUA TEDESCA RAIFFEISENKASSE SALURN GENOSSENSCHAFT)";"00147330211";"08220";"RZSBIT21031";"";"1";"1";"1";"Sì per propri correntisti";"Sì per propri correntisti";"No";"No";"No"
"CASSA RURALE DI TRENTO - BANCA DI CREDITO COOPERATIVO - SOCIETA' COOPERATIVA";"00107860223";"08304";"CCRTIT2T76A";"";"1";"1";"1";"Sì per tutti";"Sì per propri correntisti";"No";"No";"No"
"CASSA RURALE DOLOMITI DI FASSA PRIMIERO E BELLUNO - BANCA DI CREDITO COOPERATIVO - SOCIETÀ COOPERATIVA";"00135870228";"08140";"CCRTIT2T38A";"";"1";"1";"1";"Sì per tutti";"Sì per propri correntisti";"No";"No";"No"
"CASSA RURALE E ARTIGIANA DI BRENDOLA CREDITO COOPERATIVO - SOCIETA' COOPERATIVA";"00275710242";"08399";"ICRAITRRB30";"";"1";"1";"1";"non comunicato";"non comunicato";"non comunicato";"non comunicato";"non comunicato"
"CASSA RURALE ED ARTIGIANA DELL'AGRO PONTINO - BANCA DI CREDITO COOPERATIVO - SOCIETA' COOPERATIVA";"00076300599";"08738";"ICRAITRRKI0";"";"1";"0";"1";"non comunicato";"non comunicato";"non comunicato";"non comunicato";"non comunicato"
"CASSA RURALE ED ARTIGIANA DI BINASCO - CREDITO COOPERATIVO SOCIETA' COOPERATIVA";"00772010153";"08386";"ICRAITRRAQ0";"";"1";"1";"1";"No";"Sì per propri correntisti";"Sì per propri correntisti";"No";"No"
"CASSA RURALE ED ARTIGIANA DI BORGO SAN GIACOMO (BRESCIA) - CREDITO COOPERATIVO - SOCIETA' COOPERATIVA";"00453000176";"08393";"ICRAITRRAX0";"";"1";"0";"1";"Sì per tutti";"Sì per propri correntisti";"No";"No";"No"
"CASSA RURALE ED ARTIGIANA DI BOVES - BANCA DI CREDITO COOPERATIVO (BOVES-CUNEO) - SOCIETA' COOPERATIVA";"00254540040";"08397";"CCRTIT2TBOV";"";"1";"1";"1";"Sì per tutti";"Sì per propri correntisti";"No";"No";"No"
"CASSA RURALE ED ARTIGIANA DI CANTU' BANCA DI CREDITO COOPERATIVO - SOCIETA' COOPERATIVA";"00196950133";"08430";"ACARIT22XXX";"";"1";"1";"1";"No";"Sì per propri correntisti";"No";"No";"No"
"CASSA RURALE ED ARTIGIANA DI CASTELLANA GROTTE CREDITO COOPERATIVO - SOCIETA' COOPERATIVA";"00382410728";"08469";"ICRAITRRD10";"";"1";"0";"1";"non comunicato";"non comunicato";"non comunicato";"non comunicato";"non comunicato"
"CASSA RURALE ED ARTIGIANA DI CORTINA D'AMPEZZO E DELLE DOLOMITI - CREDITO COOPERATIVO - SOCIETA' COOPERATIVA";"00078700259";"08511";"CCRTIT2T95";"";"1";"1";"1";"Sì per propri correntisti";"Sì per propri correntisti";"No";"No";"No"
"CASSA RURALE ED ARTIGIANA DI RIVAROLO MANTOVANO (MANTOVA) CREDITO COOPERATIVO - SOCIETA' COOPERATIVA";"00191230200";"08770";"ICRAITRRLE0";"";"1";"0";"1";"non comunicato";"non comunicato";"non comunicato";"non comunicato";"non comunicato"
"CASSA RURALE ED ARTIGIANA DI VESTENANOVA - CREDITO COOPERATIVO - SOCIETA' COOPERATIVA";"01538480235";"08910";"CCRTIT2TB01";"";"1";"1";"1";"Sì per propri correntisti";"Sì per propri correntisti";"No";"No";"No"
"CASSA RURALE GIUDICARIE VALSABBIA PAGANELLA - BANCA DI CREDITO COOPERATIVO - SOCIETA' COOPERATIVA";"00158520221";"08078";"CCRTIT2T20A";"";"1";"1";"1";"Sì per tutti";"Sì per propri correntisti";"No";"No";"No"
"CASSA RURALE LAVIS -  MEZZOCORONA - VALLE DI CEMBRA - BANCA DI CREDITO COOPERATIVO - SOCIETA' COOPERATIVA";"00109500223";"08120";"CCRTIT2T30A";"";"1";"1";"1";"Sì per tutti";"Sì per propri correntisti";"No";"No";"No"
"CASSA RURALE NOVELLA E ALTA ANAUNIA - BANCA DI CREDITO COOPERATIVO - SOCIETA' COOPERATIVA";"00105000228";"08200";"CCRTIT2T54A";"";"1";"1";"1";"Sì per tutti";"Sì per propri correntisti";"No";"No";"No"
"CASSA RURALE PINZOLO - BANCA DI CREDITO COOPERATIVO - SOCIETA' COOPERATIVA";"00158500223";"08179";"CCRTIT2T48A";"";"1";"0";"1";"Sì per tutti";"Sì per propri correntisti";"No";"No";"No"
"CASSA RURALE RENON SOCIETA' COOPERATIVA (IN LINGUA TEDESCA RAIFFEISENKASSE RITTEN GENOSSENSCHAFT)";"00182850214";"08187";"RZSBIT21030";"";"1";"0";"1";"Sì per tutti";"Sì per propri correntisti";"No";"No";"No"
"CASSA RURALE ROTALIANA E GIOVO - BANCA DI CREDITO COOPERATIVO - SOCIETA' COOPERATIVA";"00158680223";"08139";"CCRTIT2T37A";"";"1";"1";"1";"Sì per tutti";"Sì per propri correntisti";"No";"No";"No"
"CASSA RURALE VAL DI NON - BANCA DI CREDITO COOPERATIVO - SOCIETA' COOPERATIVA";"00104570221";"08282";"CCRTIT2T73A";"";"1";"1";"1";"Sì per tutti";"Sì per propri correntisti";"No";"No";"No"
"CASSA RURALE VAL DI SOLE - BANCA DI CREDITO COOPERATIVO - SOCIETA' COOPERATIVA";"01258070224";"08163";"CCRTIT2T43A";"";"1";"1";"1";"Sì per tutti";"Sì per propri correntisti";"No";"No";"No"
"CASSA RURALE VAL RENDENA - BANCA DI CREDITO COOPERATIVO - SOCIETA' COOPERATIVA";"00158660225";"08248";"CCRTIT2T63A";"";"1";"1";"1";"Sì per tutti";"Sì per propri correntisti";"No";"No";"No"
"CASSA RURALE VALLAGARINA - BANCA DI CREDITO COOPERATIVO - SOCIETA' COOPERATIVA";"00148270226";"08011";"CCRTIT2T01A";"";"1";"1";"1";"Sì per tutti";"Sì per propri correntisti";"No";"No";"No"
"CASSA RURALE VALSUGANA E TESINO - BANCA DI CREDITO COOPERATIVO - SOCIETA' COOPERATIVA";"00103230223";"08102";"CCRTIT2T27A";"";"1";"1";"1";"Sì per tutti";"Sì per propri correntisti";"No";"No";"No"
"CENTROMARCA BANCA - CREDITO COOPERATIVO DI TREVISO, SOCIETA' COOPERATIVA PER AZIONI";"00176640266";"08749";"ICRAITRRKT0";"";"1";"1";"1";"non comunicato";"non comunicato";"non comunicato";"non comunicato";"non comunicato"
"CENTROVENETO BASSANO BANCA - CREDITO COOPERATIVO - SOCIETA' COOPERATIVA";"01405390244";"08590";"CCRTIT2TBCV";"";"1";"1";"1";"Sì per propri correntisti";"Sì per propri correntisti";"No";"No";"No"
"CEREABANCA 1897 CREDITO COOPERATIVO SOCIETA' COOPERATIVA";"00326500238";"08481";"CECVIT22";"";"1";"0";"1";"non comunicato";"non comunicato";"non comunicato";"non comunicato";"non comunicato"
"CHIANTIBANCA - CREDITO COOPERATIVO S.C.";"01292880521";"08673";"CCRTIT2TCHB";"";"1";"1";"1";"No";"Sì per propri correntisti";"No";"No";"No"
"CREDITO COOP.VO ROMAGNOLO - BCC DI CESENA E GATTEO - S.C.";"04241970401";"07070";"ICRAITRRTQ0";"";"1";"1";"1";"non comunicato";"non comunicato";"non comunicato";"non comunicato";"non comunicato"
"CREDITO COOPERATIVO - CASSA RURALE ED ARTIGIANA DEL FRIULI VENEZIA GIULIA - SOCIETA' COOPERATIVA";"00074360314";"08622";"CCRTIT2T96A";"";"1";"0";"1";"Sì per propri correntisti";"Sì per propri correntisti";"No";"No";"No"
"CREDITO COOPERATIVO CASSA RURALE ED ARTIGIANA DI ERCHIE - SOCIETA' COOPERATIVA";"00082900747";"08537";"ICRAITRREX0";"";"1";"0";"1";"non comunicato";"non comunicato";"non comunicato";"non comunicato";"non comunicato"
"CREDITO COOPERATIVO CASSA RURALE ED ARTIGIANA DI PALIANO SOCIETA' COOPERATIVA";"00134660604";"08717";"ICRAITRRJX0";"";"1";"1";"1";"non comunicato";"non comunicato";"non comunicato";"non comunicato";"non comunicato"
"CREDITO COOPERATIVO CENTRO CALABRIA - SOCIETA' COOPERATIVA";"01935780799";"08258";"ICRAITRR760";"";"1";"0";"1";"Sì per tutti";"Sì per propri correntisti";"No";"No";"No"
"CREDITO COOPERATIVO DI CARAVAGGIO ADDA E CREMASCO - CASSA RURALE - SOCIETA' COOPERATIVA";"04159640160";"08441";"ICRAITRRC90";"";"1";"1";"1";"No";"Sì per propri correntisti";"Sì per propri correntisti";"No";"No"
"CREDITO COOPERATIVO DI SAN CALOGERO E MAIERATO - BCC DEL VIBONESE SOCIETA' COOPERATIVA";"03401240795";"08887";"ICRAITRRON0";"";"1";"0";"1";"non comunicato";"non comunicato";"non comunicato";"non comunicato";"non comunicato"
"CREDITO COOPERATIVO FRIULI (ABBREVIATO CREDIFRIULI) - SOCIETA' COOPERATIVA";"02216020301";"07085";"CCRTIT2TK00";"";"1";"1";"1";"non comunicato";"non comunicato";"non comunicato";"non comunicato";"non comunicato"
"CREDITO COOPERATIVO MEDIOCRATI - SOCIETA' COOPERATIVA";"02300410780";"07062";"ICRAITRRTI0";"";"1";"1";"1";"Sì per tutti";"Sì per propri correntisti";"Sì per propri correntisti";"No";"No"
"CREDITO COOPERATIVO RAVENNATE, FORLIVESE E IMOLESE SOCIETA' COOPERATIVA";"01445030396";"08542";"ICRAITRRF20";"";"1";"1";"1";"Sì per tutti";"Sì per tutti";"No";"No";"No"
"CREDITO COOPERATIVO VALDARNO FIORENTINO BANCA DI CASCIA - SOCIETA' COOPERATIVA";"00645190489";"08457";"ICRAITRRCP0";"";"1";"0";"1";"non comunicato";"non comunicato";"non comunicato";"non comunicato";"non comunicato"
"CREDITO PADANO BANCA DI CREDITO COOPERATIVO - SOCIETA' COOPERATIVA";"01039280191";"08454";"ICRAITR1CMO";"";"1";"0";"1";"non comunicato";"non comunicato";"non comunicato";"non comunicato";"non comunicato"
"CREDITO TREVIGIANO - BANCA DI CREDITO COOPERATIVO - SOCIETA'COOPERATIVA";"00274980267";"08917";"ICRAITRRPH0";"";"1";"1";"1";"non comunicato";"non comunicato";"non comunicato";"non comunicato";"non comunicato"
"EMIL BANCA - CREDITO COOPERATIVO - SOCIETA' COOPERATIVA";"02888381205";"07072";"ICRAITRRTS0";"";"1";"1";"1";"non comunicato";"non comunicato";"non comunicato";"non comunicato";"non comunicato"
"FRIULOVEST BANCA - CREDITO COOPERATIVO - SOCIETA' COOPERATIVA";"00067610931";"08805";"CCRTIT2TFOB";"";"1";"1";"1";"Sì per propri correntisti";"Sì per propri correntisti";"No";"No";"No"
"LA BCC DEL CROTONESE - CREDITO COOPERATIVO SOCIETA' COOPERATIVA";"03382760795";"08595";"ICRAITRRGJ0";"";"1";"0";"1";"non comunicato";"non comunicato";"non comunicato";"non comunicato";"non comunicato"
"PRIMACASSA - CREDITO COOPERATIVO FVG - SOCIETA' COOPERATIVA";"00249930306";"08637";"CCRTIT2T99A";"";"1";"1";"1";"Sì per propri correntisti";"Sì per propri correntisti";"No";"No";"No"
"RIMINIBANCA - CREDITO COOPERATIVO DI RIMINI E VALMARECCHIA - SOCIETA' COOPERATIVA";"04241950403";"08995";"ICRAITRRRN0";"";"1";"1";"1";"non comunicato";"non comunicato";"non comunicato";"non comunicato";"non comunicato"
"ROMAGNABANCA CREDITO COOPERATIVO ROMAGNA EST E SALA DI CESENATICO S.C.";"04302260403";"08852";"ICRAITRRNO0";"";"1";"1";"1";"Sì per propri correntisti";"Sì per propri correntisti";"No";"No";"No"
"ROVIGOBANCA CREDITO COOPERATIVO - SOC. COOP";"01088920291";"08986";"CCRTIT2TG01";"";"1";"1";"1";"Sì per propri correntisti";"Sì per propri correntisti";"No";"No";"No"
"TERRE ETRUSCHE E DI MAREMMA C.C. - SOCIETA' COOPERATIVA";"01602230532";"08851";"ICRAITRRNN0";"";"1";"1";"1";"non comunicato";"non comunicato";"non comunicato";"non comunicato";"non comunicato"
"VALPOLICELLA BENACO BANCA CREDITO COOPERATIVO (VERONA) SOCIETA' COOPERATIVA";"01548170230";"08315";"ICRAITRR8R0";"";"1";"1";"1";"non comunicato";"non comunicato";"non comunicato";"non comunicato";"non comunicato"
"VIVAL BANCA - BANCA DI CREDITO COOPERATIVO DI MONTECATINI TERME, BIENTINA E S. PIETRO IN VINCIO S.C.";"00088180476";"08003";"ICRAITRR030";"";"1";"0";"1";"non comunicato";"non comunicato";"non comunicato";"non comunicato";"non comunicato"
"'BANCA DI CREDITO POPOLARE', SOCIETA' COOPERATIVA PER AZIONI";"00423310630";"05142";"BCPTITNN";"";"1";"0";"1";"non comunicato";"non comunicato";"non comunicato";"non comunicato";"non comunicato"
"BANCA AGRICOLA POPOLARE DI RAGUSA SOCIETA' COOPERATIVA PER AZIONI";"00026870881";"05036";"POPRIT3R";"";"1";"1";"1";"Sì per tutti";"Sì per propri correntisti";"No";"No";"No"
"BANCA DI CIVIDALE SOCIETA' COOPERATIVA PER AZIONI O IN FORMA ABBREVIATA CIVIBANK";"00249360306";"05484";"CIVIIT2C";"";"1";"0";"1";"Sì per tutti";"Sì per propri correntisti";"Sì per propri correntisti";"No";"No"
"BANCA DI PIACENZA - SOCIETA' COOPERATIVA PER AZIONI";"00144060332";"05156";"BCPCIT2P";"";"1";"1";"1";"Sì per tutti";"Sì per propri correntisti";"No";"No";"No"
"BANCA PICCOLO CREDITO VALTELLINESE, SOCIETA' PER AZIONI";"00043260140";"05216";"BPCVIT2S";"";"1";"0";"1";"Sì per tutti";"Sì per propri correntisti";"Sì per propri correntisti";"No";"No"
"BANCA POPOLARE DEL CASSINATE SOCIETA' COOPERATIVA PER AZIONI";"00121930606";"05372";"POCAIT3C";"";"1";"1";"1";"non comunicato";"non comunicato";"non comunicato";"non comunicato";"non comunicato"
"BANCA POPOLARE DEL FRUSINATE SOCIETA' COOPERATIVA PER AZIONI";"01781530603";"05297";"BPFRIT3F";"";"1";"0";"1";"Sì per tutti";"Sì per propri correntisti";"No";"No";"No"
"BANCA POPOLARE DEL LAZIO SOCIETA' COOPERATIVA";"04781291002";"05104";"BPLZIT3V";"";"1";"1";"1";"non comunicato";"non comunicato";"non comunicato";"non comunicato";"non comunicato"
"BANCA POPOLARE DEL MEDITERRANEO SOCIETA' COOPERATIVA PER AZIONI";"03547120612";"05038";"BMEDITN1XXX";"";"1";"0";"1";"No";"Sì per propri correntisti";"No";"No";"No"
"BANCA POPOLARE DI BARI - SOCIETA' COOPERATIVA PER AZIONI";"00254030729";"05424";"BPBAIT3B";"";"1";"1";"1";"non comunicato";"non comunicato";"non comunicato";"non comunicato";"non comunicato"
"BANCA POPOLARE DI CORTONA - SOCIETA' COOPERATIVA PER AZIONI";"00121760516";"05496";"POCSIT31XXX";"";"1";"0";"1";"non comunicato";"non comunicato";"non comunicato";"non comunicato";"non comunicato"
"BANCA POPOLARE DI FONDI - SOCIETA' COOPERATIVA";"00076260595";"05296";"POFOIT3F";"";"1";"0";"1";"non comunicato";"non comunicato";"non comunicato";"non comunicato";"non comunicato"
"BANCA POPOLARE DI LAJATICO SOCIETA' COOPERATIVA PER AZIONI";"00139860506";"05232";"BLJAIT3L";"";"1";"0";"1";"non comunicato";"non comunicato";"non comunicato";"non comunicato";"non comunicato"
"BANCA POPOLARE DI PUGLIA E BASILICATA - SOCIETA' COOPERATIVA PER AZIONI";"00604840777";"05385";"BPDMIT3B";"";"1";"0";"1";"non comunicato";"non comunicato";"non comunicato";"non comunicato";"non comunicato"
"BANCA POPOLARE DI SONDRIO, SOCIETA' COOPERATIVA PER AZIONI";"00053810149";"05696";"POSOIT22XXX";"";"1";"0";"1";"Sì per tutti";"Sì per tutti";"Sì per propri correntisti";"No";"No"
"BANCA POPOLARE ETICA - SOCIETA' COOPERATIVA PER AZIONI (IN FORMA ABBREVIATA BANCA ETICA O BPE)";"02622940233";"05018";"CCRTIT2T84A";"";"1";"0";"1";"non comunicato";"non comunicato";"non comunicato";"non comunicato";"non comunicato"
"BANCA POPOLARE PUGLIESE - SOCIETA' COOPERATIVA PER AZIONI";"02848590754";"05262";"BPPUIT33";"";"1";"1";"1";"Sì per tutti";"Sì per propri correntisti";"No";"No";"No"
"BANCA POPOLARE SANT'ANGELO, SOCIETA' COOPERATIVA PER AZIONI";"00089160840";"05772";"PSANIT3P";"";"1";"0";"1";"non comunicato";"non comunicato";"non comunicato";"non comunicato";"non comunicato"
"BANCA POPOLARE VALCONCA - SOCIETA' PER AZIONI";"00125680405";"05792";"BPVMIT2R";"";"1";"0";"1";"non comunicato";"non comunicato";"non comunicato";"non comunicato";"non comunicato"
"BANCA POPOLARE VESUVIANA SOCIETA' COOPERATIVA";"06412660638";"05602";"POVEIT33";"";"1";"0";"1";"non comunicato";"non comunicato";"non comunicato";"non comunicato";"non comunicato"
"BANCA VALSABBINA SOCIETA' COOPERATIVA PER AZIONI (IN BREVE LA VALSABBINA)";"00283510170";"05116";"BCVAIT2V";"";"1";"1";"1";"No";"Sì per propri correntisti";"No";"No";"No"
"CASSA DI SOVVENZIONI E RISPARMIO FRA IL PERSONALE DELLA BANCA D'ITALIA - SOCIETA' COOPERATIVA PER AZIONI";"00532040581";"05824";"CSRFITR1XXX";"";"1";"0";"1";"non comunicato";"non comunicato";"non comunicato";"non comunicato";"non comunicato"
"SANFELICE 1893 BANCA POPOLARE SOCIETA' COOPERATIVA PER AZIONI";"00264720368";"05652";"SFSPIT22";"";"1";"0";"1";"non comunicato";"non comunicato";"non comunicato";"non comunicato";"non comunicato"
"ALLIANZ BANK FINANCIAL ADVISORS S.P.A.";"09733300157";"03589";"BKRAITMM";"";"1";"0";"1";"non comunicato";"non comunicato";"non comunicato";"non comunicato";"non comunicato"
"ALTO ADIGE BANCA S.P.A.";"11658880155";"03374";"ALOAIT21XXX";"";"1";"0";"1";"non comunicato";"non comunicato";"non comunicato";"non comunicato";"non comunicato"
"BANCA 5 S.P.A.";"05435910962";"03385";"ITBBITM1";"";"1";"0";"1";"Sì per tutti";"No";"No";"No";"Sì per tutti"
"BANCA APULIA SOCIETA' PER AZIONI";"00148520711";"05787";"APULIT31XXX";"";"1";"1";"1";"Sì per propri correntisti";"Sì per propri correntisti";"No";"No";"Sì per tutti"
"BANCA CAMBIANO 1884 S.P.A.";"02599341209";"08425";"CRACIT33";"";"1";"0";"1";"non comunicato";"non comunicato";"non comunicato";"non comunicato";"non comunicato"
"BANCA CAPASSO ANTONIO - S.P.A.";"00095310611";"03047";"CAOTIT31XXX";"";"1";"0";"1";"Sì per tutti";"Sì per propri correntisti";"Sì per propri correntisti";"No";"No"
"BANCA CASSA DI RISPARMIO DI SAVIGLIANO S.P.A.";"00204500045";"06305";"SARCIT2SXXX";"";"1";"1";"1";"No";"Sì per propri correntisti";"Sì per propri correntisti";"No";"No"
"BANCA CESARE PONTI S.P.A.";"07051880966";"03084";"BCEPITMM";"";"1";"0";"1";"non comunicato";"non comunicato";"non comunicato";"non comunicato";"non comunicato"
"BANCA CONSULIA S.P.A.";"01733820037";"03159";"INPIITM1";"";"1";"0";"1";"non comunicato";"non comunicato";"non comunicato";"non comunicato";"non comunicato"
"BANCA DEL FUCINO - S.P.A.";"00694710583";"03124";"BAFUITRR";"";"1";"0";"1";"non comunicato";"non comunicato";"non comunicato";"non comunicato";"non comunicato"
"BANCA DEL MONTE DI LUCCA S.P.A.";"01459540462";"06915";"BMLUIT3L";"";"1";"0";"1";"non comunicato";"non comunicato";"non comunicato";"non comunicato";"non comunicato"
"BANCA DEL PIEMONTE S.P.A.";"00821100013";"03048";"BDCPITTT";"";"1";"1";"1";"No";"Sì per propri correntisti";"No";"No";"No"
"BANCA DEL SUD S.P.A.";"05479261215";"03353";"SUDNITN1XXX";"";"1";"0";"1";"No";"Sì per propri correntisti";"Sì per propri correntisti";"No";"Sì per propri correntisti"
"BANCA DI CREDITO PELORITANO S.P.A.";"03104290832";"03426";"CEEPIT21XXX";"";"1";"0";"1";"non comunicato";"non comunicato";"non comunicato";"non comunicato";"non comunicato"
"BANCA DI IMOLA S.P.A.";"00499741205";"05080";"IMCOIT2A";"";"1";"1";"1";"Sì per tutti";"Sì per propri correntisti";"No";"No";"No"
"BANCA DI SCONTO E CONTI CORRENTI DI SANTA MARIA CAPUA VETERE- S.P.A.";"00136290616";"03235";"SCCDIT31XXX";"";"1";"0";"1";"Sì per tutti";"Sì per propri correntisti";"Sì per propri correntisti";"No";"No"
"BANCA EUROMOBILIARE S.P.A.";"08935810153";"03250";"EUBAITM1XXX";"";"1";"0";"1";"non comunicato";"non comunicato";"non comunicato";"non comunicato";"non comunicato"
"BANCA GALILEO S.P.A.";"03639870967";"03267";"GAEOITM1XXX";"";"1";"0";"1";"non comunicato";"non comunicato";"non comunicato";"non comunicato";"non comunicato"
"BANCA GENERALI - SOCIETA' PER AZIONI (IN FORMA ABBREVIATA GENERBANCA)";"00833240328";"03075";"BGENIT2T";"";"1";"0";"1";"non comunicato";"non comunicato";"non comunicato";"non comunicato";"non comunicato"
"BANCA IFIGEST - S.P.A.";"03712110588";"03185";"IFIGIT31XXX";"";"1";"0";"1";"non comunicato";"non comunicato";"non comunicato";"non comunicato";"non comunicato"
"BANCA IFIS S.P.A. (OVVERO IFIS BANCA S.P.A. O IN FORMA ABBREVIATA IFIS S.P.A.)";"02505630109";"03205";"IFISIT2V";"";"1";"0";"1";"non comunicato";"non comunicato";"non comunicato";"non comunicato";"non comunicato"
"BANCA INTERMOBILIARE DI INVESTIMENTI E GESTIONI SOCIETA' PER AZIONI";"02751170016";"03043";"BIMTITTT";"";"1";"0";"1";"non comunicato";"non comunicato";"non comunicato";"non comunicato";"non comunicato"
"BANCA INTERPROVINCIALE SOCIETA' PER AZIONI (IN SIGLA B.I.P. S.P.A.)";"03192350365";"03395";"ITTPIT2MXXX";"";"1";"0";"1";"non comunicato";"non comunicato";"non comunicato";"non comunicato";"non comunicato"
"BANCA MACERATA S.P.A. (IN FORMA ABBREVIATA BPRM S.P.A.)";"01541180434";"03317";"PRACIT31";"";"1";"0";"1";"non comunicato";"non comunicato";"non comunicato";"non comunicato";"non comunicato"
"BANCA MEDIOLANUM S.P.A.";"02124090164";"03062";"MEDBITMM";"";"1";"0";"1";"No";"Sì per propri correntisti";"No";"No";"No"
"BANCA MONTE DEI PASCHI DI SIENA S.P.A.";"00884060526";"01030";"PASCITMM";"";"1";"1";"1";"non comunicato";"non comunicato";"non comunicato";"non comunicato";"non comunicato"
"BANCA NAZIONALE DEL LAVORO S.P.A. (IN FORMA CONTRATTA BNL S.P.A.)";"09339391006";"01005";"BNLIITR1";"";"1";"0";"1";"non comunicato";"non comunicato";"non comunicato";"non comunicato";"non comunicato"
"BANCA PASSADORE & C. S.P.A.";"00316380104";"03332";"PASBITGG";"";"1";"0";"1";"non comunicato";"non comunicato";"non comunicato";"non comunicato";"non comunicato"
"BANCA PATRIMONI SELLA & C. S.P.A. (IN SIGLA B.P.A. S.P.A.)";"08301100015";"03211";"SENVITT1";"";"1";"0";"1";"non comunicato";"non comunicato";"non comunicato";"non comunicato";"non comunicato"
"BANCA PER LO SVILUPPO DELLA COOPERAZIONE DI CREDITO S.P.A. (OPPURE BANCA SVILUPPO S.P.A.)";"05852011005";"03139";"SVIUITRR";"";"1";"0";"1";"non comunicato";"non comunicato";"non comunicato";"non comunicato";"non comunicato"
"BANCA POPOLARE DELL'ALTO ADIGE SOCIETA' PER AZIONI";"00129730214";"05856";"BPAAIT2B";"";"1";"1";"1";"No";"Sì per propri correntisti";"Sì per propri correntisti";"No";"No"
"BANCA POPOLARE DI SPOLETO S.P.A.";"01959720549";"05704";"BPSPIT3S";"";"1";"0";"1";"No";"Sì per propri correntisti";"No";"No";"Sì per propri correntisti"
"BANCA PROMOS S.P.A.";"03321720637";"03265";"PROSITNNXXX";"";"1";"0";"1";"non comunicato";"non comunicato";"non comunicato";"non comunicato";"non comunicato"
"BANCA PROSSIMA S.P.A. (IN FORMA ABBREVIATA PROSSIMA S.P.A.)";"05836420967";"03359";"BCITITMX";"";"1";"1";"1";"Sì per propri correntisti";"Sì per propri correntisti";"No";"No";"Sì per tutti"
"BANCA REALE S.P.A.";"07760860010";"03138";"BRTOITTT";"";"1";"0";"1";"non comunicato";"non comunicato";"non comunicato";"non comunicato";"non comunicato"
"BANCA REGIONALE DI SVILUPPO S.P.A.";"07634270636";"05023";"BSVIITNN";"";"1";"0";"1";"non comunicato";"non comunicato";"non comunicato";"non comunicato";"non comunicato"
"BANCA SANTA GIULIA S.P.A.";"01994680179";"03367";"SGIUIT21XXX";"";"1";"0";"1";"non comunicato";"non comunicato";"non comunicato";"non comunicato";"non comunicato"
"BANCA SELLA - S.P.A.";"02224410023";"03268";"SELBIT2B";"";"1";"0";"1";"non comunicato";"non comunicato";"non comunicato";"non comunicato";"non comunicato"
"BANCA SISTEMA S.P.A.";"12870770158";"03158";"BSISITMMXXX";"";"1";"0";"1";"non comunicato";"non comunicato";"non comunicato";"non comunicato";"non comunicato"
"BANCA STABIESE - S.P.A.";"00275490639";"03388";"STAIIT31XXX";"";"1";"0";"1";"non comunicato";"non comunicato";"non comunicato";"non comunicato";"non comunicato"
"BANCA SVILUPPO TUSCIA S.P.A.";"02078470560";"03441";"SVTUIT21XXX";"";"1";"0";"1";"non comunicato";"non comunicato";"non comunicato";"non comunicato";"non comunicato"
"BANCA UBAE S.P.A.";"00716130588";"03598";"UBAIITRR";"";"1";"0";"1";"No";"Sì per propri correntisti";"No";"No";"No"
"Banca Widiba S.P.A.";"08447330963";"03442";"WIDIITMM";"";"1";"0";"1";"non comunicato";"non comunicato";"non comunicato";"non comunicato";"non comunicato"
"BANCO BPM SOCIETA' PER AZIONI";"09722490969";"05034";"BAPPIT22";"";"1";"0";"1";"Sì per tutti";"Sì per propri correntisti";"No";"Sì per propri correntisti";"No"
"BANCO DELLE TRE VENEZIE S.P.A. (CON ACRONIMO B.T.V. SPA)";"04147080289";"03365";"TRVEIT2PXXX";"";"1";"0";"1";"non comunicato";"non comunicato";"non comunicato";"non comunicato";"non comunicato"
"BANCO DI CREDITO P.AZZOAGLIO - S.P.A.";"00166050047";"03425";"AZZBITT1XXX";"";"1";"1";"1";"non comunicato";"non comunicato";"non comunicato";"non comunicato";"non comunicato"
"BANCO DI DESIO E DELLA BRIANZA - SOCIETA' PER AZIONI";"01181770155";"03440";"BDBDIT22XXX";"";"1";"1";"1";"No";"Sì per propri correntisti";"No";"No";"Sì per propri correntisti"
"BANCO DI LUCCA E DEL TIRRENO S.P.A. (IN FORMA ABBREVIATA BANCO DI LUCCA S.P.A.)";"01880620461";"03242";"BLUCIT31";"";"1";"0";"1";"Sì per tutti";"Sì per propri correntisti";"No";"No";"No"
"BANCO DI SARDEGNA S.P.A.";"01564560900";"01015";"SARDIT31";"";"1";"0";"1";"No";"Sì per tutti";"Sì per tutti";"No";"No"
"BPER BANCA S.P.A.";"01153230360";"05387";"BPMOIT22";"";"1";"0";"1";"non comunicato";"non comunicato";"non comunicato";"non comunicato";"non comunicato"
"CASSA CENTRALE BANCA - CREDITO COOPERATIVO ITALIANOSOCIETA' PER AZIONI (IN SIGLA CASSA CENTRALE BANCA)";"00232480228";"03599";"CCRTIT2TXXX";"";"1";"1";"1";"Sì per propri correntisti";"Sì per propri correntisti";"No";"No";"No"
"CASSA CENTRALE RAIFFEISEN DELL'ALTO ADIGE - RAIFFEISEN-LANDESBANK SUEDTIROL A.G.";"00194450219";"03493";"RZSBIT2B";"";"1";"1";"1";"Sì per propri correntisti";"Sì per propri correntisti";"No";"No";"No"
"CASSA DI RISPARMIO DI ASTI S.P.A. (IN FORMA ABBREVIATA BANCA C.R. ASTI S.P.A.)";"00060550050";"06085";"CASRIT22";"";"1";"0";"1";"No";"Sì per propri correntisti";"Sì per propri correntisti";"No";"No"
"CASSA DI RISPARMIO DI BIELLA E VERCELLI - BIVERBANCA SPA";"01807130024";"06090";"CRBIIT2B";"";"1";"0";"1";"No";"Sì per propri correntisti";"Sì per propri correntisti";"No";"No"
"CASSA DI RISPARMIO DI BOLZANO S.P.A. - SUDTIROLER SPARKASSE AG";"00152980215";"06045";"CRBZIT2B";"";"1";"1";"1";"No";"Sì per propri correntisti";"No";"No";"No"
"CASSA DI RISPARMIO DI BRA S.P.A.";"00200060044";"06095";"CRBRIT22";"";"1";"0";"1";"non comunicato";"non comunicato";"non comunicato";"non comunicato";"non comunicato"
"CASSA DI RISPARMIO DI CENTO S.P.A.";"01208920387";"06115";"CRCEIT2C";"";"1";"0";"1";"non comunicato";"non comunicato";"non comunicato";"non comunicato";"non comunicato"
"CASSA DI RISPARMIO DI FERMO S.P.A. (IN FORMA ABBREVIATA CARIFERMO S.P.A.)";"00112540448";"06150";"CRFEIT3F";"";"1";"1";"1";"Sì per tutti";"Sì per propri correntisti";"No";"No";"No"
"CASSA DI RISPARMIO DI FOSSANO S.P.A.";"00166910042";"06170";"CRIFIT2F";"";"1";"0";"1";"non comunicato";"non comunicato";"non comunicato";"non comunicato";"non comunicato"
"CASSA DI RISPARMIO DI ORVIETO S.P.A.";"00063960553";"06220";"BPBAITR1XXX";"";"1";"0";"1";"No";"Sì per propri correntisti";"Sì per propri correntisti";"No";"No"
"CASSA DI RISPARMIO DI SALUZZO S.P.A.";"00243830049";"06295";"CRSAIT22";"";"1";"0";"1";"No";"Sì per propri correntisti";"No";"No";"No"
"CASSA DI RISPARMIO DI VOLTERRA S.P.A.";"01225610508";"06370";"CRVOIT3V";"";"1";"0";"1";"No";"Sì per propri correntisti";"No";"No";"No"
"CASSA LOMBARDA - S.P.A.";"00714590155";"03488";"LOMCITMM";"";"1";"0";"1";"non comunicato";"non comunicato";"non comunicato";"non comunicato";"non comunicato"
"CHEBANCA! S.P.A.";"10359360152";"03058";"MICSITM1XXX";"";"1";"0";"1";"non comunicato";"non comunicato";"non comunicato";"non comunicato";"non comunicato"
"CRÉDIT AGRICOLE CARIPARMA S.P.A.";"02113530345";"06230";"CRPPIT2PXXX";"";"1";"1";"1";"Sì per tutti";"Sì per propri correntisti";"No";"No";"Sì per tutti"
"CREDIT AGRICOLE CARISPEZIA S.P.A.";"00057340119";"06030";"CRFIIT2SXXX";"";"1";"1";"1";"Sì per tutti";"Sì per propri correntisti";"No";"No";"Sì per tutti"
"CREDIT AGRICOLE FRIULADRIA S.P.A.";"01369030935";"05336";"BPPNIT2PXXX";"";"1";"1";"1";"Sì per tutti";"Sì per propri correntisti";"No";"No";"Sì per tutti"
"CREDITO DI ROMAGNA S.P.A.";"03374640401";"03273";"CRDRIT2FXXX";"";"1";"1";"1";"non comunicato";"non comunicato";"non comunicato";"non comunicato";"non comunicato"
"CREDITO EMILIANO S.P.A.";"01806740153";"03032";"BACRIT22";"";"1";"0";"1";"non comunicato";"non comunicato";"non comunicato";"non comunicato";"non comunicato"
"CREDITO LOMBARDO VENETO S.P.A.";"03515830168";"03430";"CRLVIT21XXX";"";"1";"1";"1";"non comunicato";"non comunicato";"non comunicato";"non comunicato";"non comunicato"
"DEUTSCHE BANK S.P.A.";"01340740156";"03104";"DEUTITMM";"";"1";"0";"1";"non comunicato";"non comunicato";"non comunicato";"non comunicato";"non comunicato"
"DOBANK SPA";"02659940239";"10639";"UNGCIT21";"";"1";"1";"0";"non comunicato";"non comunicato";"non comunicato";"non comunicato";"non comunicato"
"FIDEURAM - INTESA SANPAOLO PRIVATE BANKING S.P.A.";"00714540150";"03296";"FIBKITMM";"";"1";"0";"1";"Sì per propri correntisti";"Sì per propri correntisti";"No";"No";"Sì per tutti"
"FINECOBANK BANCA FINECO S.P.A.";"01392970404";"03015";"FEBIITM1XXX";"";"1";"0";"1";"non comunicato";"non comunicato";"non comunicato";"non comunicato";"non comunicato"
"IBL ISTITUTO BANCARIO DEL LAVORO S.P.A. (IN FORMA ABBREVIATA IBL BANCA)";"00452550585";"03263";"IBLBITRRXXX";"";"1";"0";"1";"non comunicato";"non comunicato";"non comunicato";"non comunicato";"non comunicato"
"IGEA BANCA S.P.A.";"04256050875";"05029";"PDSCIT31XXX";"";"1";"0";"1";"non comunicato";"non comunicato";"non comunicato";"non comunicato";"non comunicato"
"IMPREBANCA S.P.A.";"09994611003";"03403";"IMPAITRR";"";"1";"1";"1";"non comunicato";"non comunicato";"non comunicato";"non comunicato";"non comunicato"
"INTESA SANPAOLO PRIVATE BANKING S.P.A.";"00460870348";"03239";"xxxxxxxx";"";"1";"1";"1";"Sì per propri correntisti";"Sì per propri correntisti";"No";"No";"Sì per tutti"
"INTESA SANPAOLO S.P.A.";"00799960158";"03069";"BCITITMM";"";"1";"1";"1";"Sì per propri correntisti";"Sì per propri correntisti";"No";"No";"Sì per tutti"
"INVEST BANCA SOCIETA' PER AZIONI";"02586460582";"03017";"NVESITRR";"";"1";"0";"1";"non comunicato";"non comunicato";"non comunicato";"non comunicato";"non comunicato"
"IW BANK S.P.A.";"00485260459";"03083";"BLPIIT21";"";"1";"0";"1";"Sì per tutti";"Sì per propri correntisti";"No";"No";"Sì per tutti"
"LA CASSA DI RAVENNA S.P.A.";"01188860397";"06270";"CRRAIT2R";"";"1";"1";"1";"Sì per tutti";"Sì per propri correntisti";"No";"No";"No"
"NEXI S.P.A.";"13212880150";"05000";"CIPBITMM";"";"1";"1";"1";"non comunicato";"non comunicato";"non comunicato";"non comunicato";"non comunicato"
"NUOVA CASSA DI RISPARMIO DI FERRARA SPA";"13613381006";"06155";"CFERIT2F";"";"1";"0";"1";"non comunicato";"non comunicato";"non comunicato";"non comunicato";"non comunicato"
"UNICREDIT, SOCIETA' PER AZIONI";"00348170101";"02008";"UNCRITMM";"";"1";"1";"1";"Sì per tutti";"Sì per propri correntisti";"Sì per propri correntisti";"No";"Sì per tutti"
"UNIONE DI BANCHE ITALIANE SOCIETA' PER AZIONI (IN FORMA ABBREVIATA UBI BANCA)";"03053920165";"03111";"BLOPIT22";"";"1";"0";"1";"Sì per tutti";"Sì per propri correntisti";"No";"No";"Sì per tutti"
"UNIPOL BANCA SPA";"03719580379";"03127";"BAECIT2B";"";"1";"1";"1";"non comunicato";"non comunicato";"non comunicato";"non comunicato";"non comunicato"
"VIVIBANCA S.P.A.";"04255700652";"05030";"CRSNIT31XXX";"";"1";"0";"1";"Sì per tutti";"Sì per tutti";"No";"No";"Sì per tutti"
"ALPENBANK A.G.";"94069700212";"03134";"ALPEIT21";"";"1";"1";"1";"non comunicato";"non comunicato";"non comunicato";"non comunicato";"non comunicato"
"ING BANK N.V.";"11241140158";"03475";"INGBITMM";"";"1";"0";"1";"non comunicato";"non comunicato";"non comunicato";"non comunicato";"non comunicato"
"ipagoo LLP";"08520980965";"36049";"ORUNGB2L";"";"1";"0";"1";"Sì per tutti";"Sì per propri correntisti";"Sì per propri correntisti";"No";"No"
"Satispay Limited";"GB254980378";"xxxxx";"SATYGB21";"";"1";"1";"1";"non comunicato";"non comunicato";"non comunicato";"non comunicato";"non comunicato"
"A-TONO PAYMENT INSTITUTE SPA";"09217250969";"36064";"ATPIITM1";"";"1";"0";"1";"No";"No";"Sì per propri correntisti";"No";"No"
"American Express Payment Services LTD.";"10725181001";"36019";"xxxxxxxxxx";"";"1";"1";"0";"non comunicato";"non comunicato";"non comunicato";"non comunicato";"non comunicato"
"CABEL IP S.P.A.";"06078740484";"36018";"CBPSIT31XXX";"";"1";"0";"1";"non comunicato";"non comunicato";"non comunicato";"non comunicato";"non comunicato"
"CITYPOSTE PAYMENT SPA - CPP SPA";"01806800676";"36024";"CIPYIT31K";"";"1";"0";"1";"non comunicato";"non comunicato";"non comunicato";"non comunicato";"non comunicato"
"ICONTO S.R.L.";"14847241008";"36042";"IFSPIT21";"";"1";"1";"0";"non comunicato";"non comunicato";"non comunicato";"non comunicato";"non comunicato"
"LIS ISTITUTO DI PAGAMENTO SPA";"03396740965";"32698";"LIIPITM1";"";"1";"0";"1";"Sì per tutti";"No";"No";"No";"No"
"PAYTIPPER SPA";"07338820967";"36017";"PAYTITM1";"";"1";"0";"1";"Sì per tutti";"Sì per tutti";"No";"No";"No"
"SE.PA.FIN. SPA";"07783020725";"36063";"31XXX";"";"1";"0";"1";"non comunicato";"non comunicato";"non comunicato";"non comunicato";"non comunicato"
"SISAL GROUP SPA";"05425630968";"33500";"SIGPITM1XXX";"";"1";"0";"1";"Sì per tutti";"No";"No";"No";"No"
